time,gpu0-0,gpu0-1,gpu0-2,gpu0-3,gpu0-4,gpu0-5,gpu0-6,gpu0-7,gpu1-0,gpu1-1,gpu1-2,gpu1-3,gpu1-4,gpu1-5,gpu1-6,gpu1-7,gpu2-0,gpu2-1,gpu2-2,gpu2-3,gpu2-4,gpu2-5,gpu2-6,gpu2-7,gpu3-0,gpu3-1,gpu3-2,gpu3-3,gpu3-4,gpu3-5,gpu3-6,gpu3-7,gpu4-0,gpu4-1,gpu4-2,gpu4-3,gpu4-4,gpu4-5,gpu4-6,gpu4-7,gpu5-0,gpu5-1,gpu5-2,gpu5-3,gpu5-4,gpu5-5,gpu5-6,gpu5-7,gpu6-0,gpu6-1,gpu6-2,gpu6-3,gpu6-4,gpu6-5,gpu6-6,gpu6-7,gpu7-0,gpu7-1,gpu7-2,gpu7-3,gpu7-4,gpu7-5,gpu7-6,gpu7-7,gpu8-0,gpu8-1,gpu8-2,gpu8-3,gpu8-4,gpu8-5,gpu8-6,gpu8-7,gpu9-0,gpu9-1,gpu9-2,gpu9-3,gpu9-4,gpu9-5,gpu9-6,gpu9-7,gpu10-0,gpu10-1,gpu10-2,gpu10-3,gpu10-4,gpu10-5,gpu10-6,gpu10-7,gpu11-0,gpu11-1,gpu11-2,gpu11-3,gpu11-4,gpu11-5,gpu11-6,gpu11-7,gpu12-0,gpu12-1,gpu12-2,gpu12-3,gpu12-4,gpu12-5,gpu12-6,gpu12-7,gpu13-0,gpu13-1,gpu13-2,gpu13-3,gpu13-4,gpu13-5,gpu13-6,gpu13-7,gpu14-0,gpu14-1,gpu14-2,gpu14-3,gpu14-4,gpu14-5,gpu14-6,gpu14-7,gpu15-0,gpu15-1,gpu15-2,gpu15-3,gpu15-4,gpu15-5,gpu15-6,gpu15-7,ce
0,0,0,0,0,0,0,0,0,0,0,0,0,0,0,0,0,0,0,0,0,0,0,0,0,0,0,0,0,0,0,0,0,0,0,0,0,0,0,0,0,0,0,0,0,0,0,0,0,0,0,0,0,0,0,0,0,0,0,0,0,0,0,0,0,,,,,,,,,,,,,,,,,,,,,,,,,,,,,,,,,,,,,,,,,,,,,,,,,,,,,,,,,,,,,,,,,0.079869232
496,,,,,,,,,,,,,,,,,,,,,,,,,,,,,,,,,,,,,,,,,,,,,,,,,,,,,,,,,,,,,,,,,,,,,,,,,,,,,,,,,,,,,,,,,,,,,,,,,,,,,,,,,,,,,,,,,,,,,,,,,,,,,,,,,0
4686,1,1,1,1,1,1,1,1,1,1,1,1,1,1,1,1,1,1,1,1,1,1,1,1,1,1,1,1,1,1,1,1,,,,,,,,,,,,,,,,,,,,,,,,,,,,,,,,,,,,,,,,,,,,,,,,,,,,,,,,,,,,,,,,,,,,,,,,,,,,,,,,,,,,,,,,,,,,,,,,,0.035952085
5900,,,,,,,,,,,,,,,,,,,,,,,,,,,,,,,,,,,,,,,,,,,,,,,,,,,,,,,,,,,,,,,,,,,,,,,,,,,,,,,,,,,,,,,,,,,,,,,,,,,,,,,,,,,,,,,,,,,,,,,,,,,,,,,,,0
9116,2,2,2,2,2,2,2,2,2,2,2,2,2,2,2,2,2,2,2,2,2,2,2,2,2,2,2,2,2,2,2,2,,,,,,,,,,,,,,,,,,,,,,,,,,,,,,,,,,,,,,,,,,,,,,,,,,,,,,,,,,,,,,,,,,,,,,,,,,,,,,,,,,,,,,,,,,,,,,,,,0.037371687
9356,4,4,4,4,4,4,4,4,4,4,4,4,4,4,4,4,4,4,4,4,4,4,4,4,4,4,4,4,4,4,4,4,4,4,4,4,4,4,4,4,4,4,4,4,4,4,4,4,4,4,4,4,4,4,4,4,4,4,4,4,4,4,4,4,3,3,3,3,3,3,3,3,3,3,3,3,3,3,3,3,3,3,3,3,3,3,3,3,3,3,3,3,3,3,3,3,3,3,3,3,3,3,3,3,3,3,3,3,3,3,3,3,3,3,3,3,3,3,3,3,3,3,3,3,3,3,3,3,0.136470954
9598,3,3,3,3,3,3,3,3,3,3,3,3,3,3,3,3,3,3,3,3,3,3,3,3,3,3,3,3,3,3,3,3,3,3,3,3,3,3,3,3,3,3,3,3,3,3,3,3,3,3,3,3,3,3,3,3,3,3,3,3,3,3,3,3,,,,,,,,,,,,,,,,,,,,,,,,,,,,,,,,,,,,,,,,,,,,,,,,,,,,,,,,,,,,,,,,,0.068235477
10800,,,,,,,,,,,,,,,,,,,,,,,,,,,,,,,,,,,,,,,,,,,,,,,,,,,,,,,,,,,,,,,,,,,,,,,,,,,,,,,,,,,,,,,,,,,,,,,,,,,,,,,,,,,,,,,,,,,,,,,,,,,,,,,,,0
12043,5,5,5,5,5,5,5,5,5,5,5,5,5,5,5,5,5,5,5,5,5,5,5,5,5,5,5,5,5,5,5,5,5,5,5,5,5,5,5,5,5,5,5,5,5,5,5,5,5,5,5,5,5,5,5,5,5,5,5,5,5,5,5,5,,,,,,,,,,,,,,,,,,,,,,,,,,,,,,,,,,,,,,,,,,,,,,,,,,,,,,,,,,,,,,,,,0.045034142
14041,6,6,6,6,6,6,6,6,6,6,6,6,6,6,6,6,6,6,6,6,6,6,6,6,6,6,6,6,6,6,6,6,6,6,6,6,6,6,6,6,6,6,6,6,6,6,6,6,6,6,6,6,6,6,6,6,6,6,6,6,6,6,6,6,5,5,5,5,5,5,5,5,5,5,5,5,5,5,5,5,5,5,5,5,5,5,5,5,5,5,5,5,5,5,5,5,5,5,5,5,5,5,5,5,5,5,5,5,5,5,5,5,5,5,5,5,5,5,5,5,5,5,5,5,5,5,5,5,0.121774313
15703,5,5,5,5,5,5,5,5,5,5,5,5,5,5,5,5,5,5,5,5,5,5,5,5,5,5,5,5,5,5,5,5,5,5,5,5,5,5,5,5,5,5,5,5,5,5,5,5,5,5,5,5,5,5,5,5,5,5,5,5,5,5,5,5,7,7,7,7,7,7,7,7,7,7,7,7,7,7,7,7,7,7,7,7,7,7,7,7,7,7,7,7,7,7,7,7,6,6,6,6,6,6,6,6,6,6,6,6,6,6,6,6,6,6,6,6,6,6,6,6,6,6,6,6,6,6,6,6,0.158691249
15957,6,6,6,6,6,6,6,6,6,6,6,6,6,6,6,6,6,6,6,6,6,6,6,6,6,6,6,6,6,6,6,6,6,6,6,6,6,6,6,6,6,6,6,6,6,6,6,6,6,6,6,6,6,6,6,6,6,6,6,6,6,6,6,6,5,5,5,5,5,5,5,5,5,5,5,5,5,5,5,5,5,5,5,5,5,5,5,5,5,5,5,5,5,5,5,5,5,5,5,5,5,5,5,5,5,5,5,5,5,5,5,5,5,5,5,5,5,5,5,5,5,5,5,5,5,5,5,5,0.121774313
16255,5,5,5,5,5,5,5,5,5,5,5,5,5,5,5,5,5,5,5,5,5,5,5,5,5,5,5,5,5,5,5,5,5,5,5,5,5,5,5,5,5,5,5,5,5,5,5,5,5,5,5,5,5,5,5,5,5,5,5,5,5,5,5,5,8,8,8,8,8,8,8,8,8,8,8,8,8,8,8,8,8,8,8,8,8,8,8,8,8,8,8,8,8,8,8,8,6,6,6,6,6,6,6,6,6,6,6,6,6,6,6,6,6,6,6,6,6,6,6,6,6,6,6,6,6,6,6,6,0.154484066
17652,5,5,5,5,5,5,5,5,5,5,5,5,5,5,5,5,5,5,5,5,5,5,5,5,5,5,5,5,5,5,5,5,5,5,5,5,5,5,5,5,5,5,5,5,5,5,5,5,5,5,5,5,5,5,5,5,5,5,5,5,5,5,5,5,6,6,6,6,6,6,6,6,6,6,6,6,6,6,6,6,6,6,6,6,6,6,6,6,6,6,6,6,6,6,6,6,9,9,9,9,9,9,9,9,9,9,9,9,9,9,9,9,8,8,8,8,8,8,8,8,8,8,8,8,8,8,8,8,0.200247778
18864,5,5,5,5,5,5,5,5,5,5,5,5,5,5,5,5,5,5,5,5,5,5,5,5,5,5,5,5,5,5,5,5,5,5,5,5,5,5,5,5,5,5,5,5,5,5,5,5,5,5,5,5,5,5,5,5,5,5,5,5,5,5,5,5,9,9,9,9,9,9,9,9,9,9,9,9,9,9,9,9,9,9,9,9,9,9,9,9,9,9,9,9,9,9,9,9,6,6,6,6,6,6,6,6,6,6,6,6,6,6,6,6,6,6,6,6,6,6,6,6,6,6,6,6,6,6,6,6,0.176285648
19104,5,5,5,5,5,5,5,5,5,5,5,5,5,5,5,5,5,5,5,5,5,5,5,5,5,5,5,5,5,5,5,5,5,5,5,5,5,5,5,5,5,5,5,5,5,5,5,5,5,5,5,5,5,5,5,5,5,5,5,5,5,5,5,5,10,10,10,10,10,10,10,10,10,10,10,10,10,10,10,10,10,10,10,10,10,10,10,10,10,10,10,10,10,10,10,10,6,6,6,6,6,6,6,6,6,6,6,6,6,6,6,6,6,6,6,6,6,6,6,6,6,6,6,6,6,6,6,6,0.154484066
19346,6,6,6,6,6,6,6,6,6,6,6,6,6,6,6,6,6,6,6,6,6,6,6,6,6,6,6,6,6,6,6,6,6,6,6,6,6,6,6,6,6,6,6,6,6,6,6,6,6,6,6,6,6,6,6,6,6,6,6,6,6,6,6,6,5,5,5,5,5,5,5,5,5,5,5,5,5,5,5,5,5,5,5,5,5,5,5,5,5,5,5,5,5,5,5,5,5,5,5,5,5,5,5,5,5,5,5,5,5,5,5,5,5,5,5,5,5,5,5,5,5,5,5,5,5,5,5,5,0.121774313
20358,5,5,5,5,5,5,5,5,5,5,5,5,5,5,5,5,5,5,5,5,5,5,5,5,5,5,5,5,5,5,5,5,5,5,5,5,5,5,5,5,5,5,5,5,5,5,5,5,5,5,5,5,5,5,5,5,5,5,5,5,5,5,5,5,11,11,11,11,11,11,11,11,11,11,11,11,11,11,11,11,11,11,11,11,11,11,11,11,11,11,11,11,11,11,11,11,6,6,6,6,6,6,6,6,6,6,6,6,6,6,6,6,6,6,6,6,6,6,6,6,6,6,6,6,6,6,6,6,0.154484066
20617,5,5,5,5,5,5,5,5,5,5,5,5,5,5,5,5,5,5,5,5,5,5,5,5,5,5,5,5,5,5,5,5,5,5,5,5,5,5,5,5,5,5,5,5,5,5,5,5,5,5,5,5,5,5,5,5,5,5,5,5,5,5,5,5,6,6,6,6,6,6,6,6,6,6,6,6,6,6,6,6,6,6,6,6,6,6,6,6,6,6,6,6,6,6,6,6,12,12,12,12,12,12,12,12,12,12,12,12,12,12,12,12,11,11,11,11,11,11,11,11,11,11,11,11,11,11,11,11,0.177873833
20859,5,5,5,5,5,5,5,5,5,5,5,5,5,5,5,5,5,5,5,5,5,5,5,5,5,5,5,5,5,5,5,5,5,5,5,5,5,5,5,5,5,5,5,5,5,5,5,5,5,5,5,5,5,5,5,5,5,5,5,5,5,5,5,5,11,11,11,11,11,11,11,11,11,11,11,11,11,11,11,11,11,11,11,11,11,11,11,11,11,11,11,11,11,11,11,11,6,6,6,6,6,6,6,6,6,6,6,6,6,6,6,6,6,6,6,6,6,6,6,6,6,6,6,6,6,6,6,6,0.154484066
21341,6,6,6,6,6,6,6,6,6,6,6,6,6,6,6,6,6,6,6,6,6,6,6,6,6,6,6,6,6,6,6,6,6,6,6,6,6,6,6,6,6,6,6,6,6,6,6,6,6,6,6,6,6,6,6,6,6,6,6,6,6,6,6,6,5,5,5,5,5,5,5,5,5,5,5,5,5,5,5,5,5,5,5,5,5,5,5,5,5,5,5,5,5,5,5,5,5,5,5,5,5,5,5,5,5,5,5,5,5,5,5,5,5,5,5,5,5,5,5,5,5,5,5,5,5,5,5,5,0.121774313
21581,6,6,6,6,6,6,6,6,6,6,6,6,6,6,6,6,6,6,6,6,6,6,6,6,6,6,6,6,6,6,6,6,6,6,6,6,6,6,6,6,6,6,6,6,6,6,6,6,6,6,6,6,6,6,6,6,6,6,6,6,6,6,6,6,5,5,5,5,5,5,5,5,5,5,5,5,5,5,5,5,5,5,5,5,5,5,5,5,5,5,5,5,5,5,5,5,13,13,13,13,13,13,13,13,13,13,13,13,13,13,13,13,,,,,,,,,,,,,,,,,0.142299492
22212,6,6,6,6,6,6,6,6,6,6,6,6,6,6,6,6,6,6,6,6,6,6,6,6,6,6,6,6,6,6,6,6,6,6,6,6,6,6,6,6,6,6,6,6,6,6,6,6,6,6,6,6,6,6,6,6,6,6,6,6,6,6,6,6,14,14,14,14,14,14,14,14,14,14,14,14,14,14,14,14,14,14,14,14,14,14,14,14,14,14,14,14,14,14,14,14,13,13,13,13,13,13,13,13,13,13,13,13,13,13,13,13,5,5,5,5,5,5,5,5,5,5,5,5,5,5,5,5,0.202971846
23894,6,6,6,6,6,6,6,6,6,6,6,6,6,6,6,6,6,6,6,6,6,6,6,6,6,6,6,6,6,6,6,6,6,6,6,6,6,6,6,6,6,6,6,6,6,6,6,6,6,6,6,6,6,6,6,6,6,6,6,6,6,6,6,6,5,5,5,5,5,5,5,5,5,5,5,5,5,5,5,5,5,5,5,5,5,5,5,5,5,5,5,5,5,5,5,5,13,13,13,13,13,13,13,13,13,13,13,13,13,13,13,13,,,,,,,,,,,,,,,,,0.142299492
24137,6,6,6,6,6,6,6,6,6,6,6,6,6,6,6,6,6,6,6,6,6,6,6,6,6,6,6,6,6,6,6,6,6,6,6,6,6,6,6,6,6,6,6,6,6,6,6,6,6,6,6,6,6,6,6,6,6,6,6,6,6,6,6,6,15,15,15,15,15,15,15,15,15,15,15,15,15,15,15,15,15,15,15,15,15,15,15,15,15,15,15,15,15,15,15,15,13,13,13,13,13,13,13,13,13,13,13,13,13,13,13,13,5,5,5,5,5,5,5,5,5,5,5,5,5,5,5,5,0.189252546
29179,6,6,6,6,6,6,6,6,6,6,6,6,6,6,6,6,6,6,6,6,6,6,6,6,6,6,6,6,6,6,6,6,6,6,6,6,6,6,6,6,6,6,6,6,6,6,6,6,6,6,6,6,6,6,6,6,6,6,6,6,6,6,6,6,15,15,15,15,15,15,15,15,15,15,15,15,15,15,15,15,15,15,15,15,15,15,15,15,15,15,15,15,15,15,15,15,13,13,13,13,13,13,13,13,13,13,13,13,13,13,13,13,,,,,,,,,,,,,,,,,0.14617459
32032,6,6,6,6,6,6,6,6,6,6,6,6,6,6,6,6,6,6,6,6,6,6,6,6,6,6,6,6,6,6,6,6,6,6,6,6,6,6,6,6,6,6,6,6,6,6,6,6,6,6,6,6,6,6,6,6,6,6,6,6,6,6,6,6,15,15,15,15,15,15,15,15,15,15,15,15,15,15,15,15,15,15,15,15,15,15,15,15,15,15,15,15,15,15,15,15,13,13,13,13,13,13,13,13,13,13,13,13,13,13,13,13,16,16,16,16,16,16,16,16,16,16,16,16,16,16,16,16,0.189252546
33474,16,16,16,16,16,16,16,16,16,16,16,16,16,16,16,16,16,16,16,16,16,16,16,16,16,16,16,16,16,16,16,16,16,16,16,16,16,16,16,16,16,16,16,16,16,16,16,16,16,16,16,16,16,16,16,16,16,16,16,16,16,16,16,16,6,6,6,6,6,6,6,6,6,6,6,6,6,6,6,6,6,6,6,6,6,6,6,6,6,6,6,6,6,6,6,6,13,13,13,13,13,13,13,13,13,13,13,13,13,13,13,13,,,,,,,,,,,,,,,,,0.137516022
33956,6,6,6,6,6,6,6,6,6,6,6,6,6,6,6,6,6,6,6,6,6,6,6,6,6,6,6,6,6,6,6,6,6,6,6,6,6,6,6,6,6,6,6,6,6,6,6,6,6,6,6,6,6,6,6,6,6,6,6,6,6,6,6,6,13,13,13,13,13,13,13,13,13,13,13,13,13,13,13,13,,,,,,,,,,,,,,,,,,,,,,,,,,,,,,,,,,,,,,,,,,,,,,,,,0.098932218
36507,6,6,6,6,6,6,6,6,6,6,6,6,6,6,6,6,6,6,6,6,6,6,6,6,6,6,6,6,6,6,6,6,6,6,6,6,6,6,6,6,6,6,6,6,6,6,6,6,6,6,6,6,6,6,6,6,6,6,6,6,6,6,6,6,17,17,17,17,17,17,17,17,17,17,17,17,17,17,17,17,17,17,17,17,17,17,17,17,17,17,17,17,17,17,17,17,13,13,13,13,13,13,13,13,13,13,13,13,13,13,13,13,,,,,,,,,,,,,,,,,0.138092309
37686,18,18,18,18,18,18,18,18,18,18,18,18,18,18,18,18,18,18,18,18,18,18,18,18,18,18,18,18,18,18,18,18,17,17,17,17,17,17,17,17,17,17,17,17,17,17,17,17,17,17,17,17,17,17,17,17,17,17,17,17,17,17,17,17,6,6,6,6,6,6,6,6,6,6,6,6,6,6,6,6,6,6,6,6,6,6,6,6,6,6,6,6,6,6,6,6,13,13,13,13,13,13,13,13,13,13,13,13,13,13,13,13,,,,,,,,,,,,,,,,,0.157615024
38568,18,18,18,18,18,18,18,18,18,18,18,18,18,18,18,18,18,18,18,18,18,18,18,18,18,18,18,18,18,18,18,18,17,17,17,17,17,17,17,17,17,17,17,17,17,17,17,17,17,17,17,17,17,17,17,17,17,17,17,17,17,17,17,17,19,19,19,19,19,19,19,19,19,19,19,19,19,19,19,19,19,19,19,19,19,19,19,19,19,19,19,19,19,19,19,19,13,13,13,13,13,13,13,13,13,13,13,13,13,13,13,13,6,6,6,6,6,6,6,6,6,6,6,6,6,6,6,6,0.178450733
39037,6,6,6,6,6,6,6,6,6,6,6,6,6,6,6,6,6,6,6,6,6,6,6,6,6,6,6,6,6,6,6,6,6,6,6,6,6,6,6,6,6,6,6,6,6,6,6,6,6,6,6,6,6,6,6,6,6,6,6,6,6,6,6,6,18,18,18,18,18,18,18,18,18,18,18,18,18,18,18,18,18,18,18,18,18,18,18,18,18,18,18,18,18,18,18,18,20,20,20,20,20,20,20,20,20,20,20,20,20,20,20,20,13,13,13,13,13,13,13,13,17,17,17,17,17,17,17,17,0.17970437
39277,6,6,6,6,6,6,6,6,6,6,6,6,6,6,6,6,6,6,6,6,6,6,6,6,6,6,6,6,6,6,6,6,6,6,6,6,6,6,6,6,6,6,6,6,6,6,6,6,6,6,6,6,6,6,6,6,6,6,6,6,6,6,6,6,18,18,18,18,18,18,18,18,18,18,18,18,18,18,18,18,18,18,18,18,18,18,18,18,18,18,18,18,18,18,18,18,20,20,20,20,20,20,20,20,20,20,20,20,20,20,20,20,21,21,21,21,21,21,21,21,22,22,22,22,13,13,17,17,0.195902852
39999,6,6,6,6,6,6,6,6,6,6,6,6,6,6,6,6,6,6,6,6,6,6,6,6,6,6,6,6,6,6,6,6,6,6,6,6,6,6,6,6,6,6,6,6,6,6,6,6,6,6,6,6,6,6,6,6,6,6,6,6,6,6,6,6,18,18,18,18,18,18,18,18,18,18,18,18,18,18,18,18,18,18,18,18,18,18,18,18,18,18,18,18,18,18,18,18,20,20,20,20,20,20,20,20,20,20,20,20,20,20,20,20,17,17,17,17,17,17,17,17,13,13,13,13,22,22,22,22,0.198764273
40239,6,6,6,6,6,6,6,6,6,6,6,6,6,6,6,6,6,6,6,6,6,6,6,6,6,6,6,6,6,6,6,6,6,6,6,6,6,6,6,6,6,6,6,6,6,6,6,6,6,6,6,6,6,6,6,6,6,6,6,6,6,6,6,6,18,18,18,18,18,18,18,18,18,18,18,18,18,18,18,18,18,18,18,18,18,18,18,18,18,18,18,18,18,18,18,18,20,20,20,20,20,20,20,20,20,20,20,20,20,20,20,20,23,23,23,23,23,23,23,23,13,13,13,13,13,13,13,13,0.182774751
40647,6,6,6,6,6,6,6,6,6,6,6,6,6,6,6,6,6,6,6,6,6,6,6,6,6,6,6,6,6,6,6,6,6,6,6,6,6,6,6,6,6,6,6,6,6,6,6,6,6,6,6,6,6,6,6,6,6,6,6,6,6,6,6,6,18,18,18,18,18,18,18,18,18,18,18,18,18,18,18,18,18,18,18,18,18,18,18,18,18,18,18,18,18,18,18,18,13,13,13,13,13,13,13,13,13,13,13,13,13,13,13,13,24,24,24,24,24,24,24,24,20,20,20,20,23,23,23,23,0.205670318
41364,6,6,6,6,6,6,6,6,6,6,6,6,6,6,6,6,6,6,6,6,6,6,6,6,6,6,6,6,6,6,6,6,6,6,6,6,6,6,6,6,6,6,6,6,6,6,6,6,6,6,6,6,6,6,6,6,6,6,6,6,6,6,6,6,13,13,13,13,13,13,13,13,13,13,13,13,13,13,13,13,23,23,23,23,23,23,23,23,23,23,23,23,23,23,23,23,24,24,24,24,24,24,24,24,24,24,24,24,24,24,24,24,18,18,18,18,18,18,18,18,20,20,20,20,25,25,25,25,0.254862283
42096,24,24,24,24,24,24,24,24,24,24,24,24,24,24,24,24,24,24,24,24,24,24,24,24,24,24,24,24,24,24,24,24,24,24,24,24,24,24,24,24,24,24,24,24,24,24,24,24,24,24,24,24,24,24,24,24,24,24,24,24,24,24,24,24,25,25,25,25,25,25,25,25,25,25,25,25,25,25,25,25,25,25,25,25,25,25,25,25,25,25,25,25,25,25,25,25,13,13,13,13,13,13,13,13,13,13,13,13,13,13,13,13,6,6,6,6,6,6,6,6,20,20,20,20,18,18,18,18,0.196641868
44699,18,18,18,18,18,18,18,18,18,18,18,18,18,18,18,18,18,18,18,18,18,18,18,18,18,18,18,18,18,18,18,18,25,25,25,25,25,25,25,25,25,25,25,25,25,25,25,25,25,25,25,25,25,25,25,25,25,25,25,25,25,25,25,25,24,24,24,24,24,24,24,24,24,24,24,24,24,24,24,24,24,24,24,24,24,24,24,24,24,24,24,24,24,24,24,24,6,6,6,6,6,6,6,6,6,6,6,6,6,6,6,6,26,26,26,26,26,26,26,26,20,20,20,20,13,13,13,13,0.218890469
45818,24,24,24,24,24,24,24,24,24,24,24,24,24,24,24,24,24,24,24,24,24,24,24,24,24,24,24,24,24,24,24,24,24,24,24,24,24,24,24,24,24,24,24,24,24,24,24,24,24,24,24,24,24,24,24,24,24,24,24,24,24,24,24,24,6,6,6,6,6,6,6,6,6,6,6,6,6,6,6,6,6,6,6,6,6,6,6,6,6,6,6,6,6,6,6,6,13,13,13,13,13,13,13,13,13,13,13,13,13,13,13,13,26,26,26,26,26,26,26,26,25,25,25,25,20,20,27,18,0.224835021
46060,18,18,18,18,18,18,18,18,18,18,18,18,18,18,18,18,18,18,18,18,18,18,18,18,18,18,18,18,18,18,18,18,24,24,24,24,24,24,24,24,24,24,24,24,24,24,24,24,24,24,24,24,24,24,24,24,24,24,24,24,24,24,24,24,13,13,13,13,13,13,13,13,13,13,13,13,13,13,13,13,20,20,20,20,20,20,20,20,20,20,20,20,20,20,20,20,27,27,27,27,27,27,27,27,27,27,27,27,27,27,27,27,26,26,26,26,26,26,26,26,6,6,6,6,6,6,6,6,0.225065091
46302,18,18,18,18,18,18,18,18,18,18,18,18,18,18,18,18,18,18,18,18,18,18,18,18,18,18,18,18,18,18,18,18,24,24,24,24,24,24,24,24,24,24,24,24,24,24,24,24,24,24,24,24,24,24,24,24,24,24,24,24,24,24,24,24,13,13,13,13,13,13,13,13,13,13,13,13,13,13,13,13,20,20,20,20,20,20,20,20,20,20,20,20,20,20,20,20,6,6,6,6,6,6,6,6,6,6,6,6,6,6,6,6,26,26,26,26,26,26,26,26,,,,,,,,,0.199400722
46544,6,6,6,6,6,6,6,6,6,6,6,6,6,6,6,6,6,6,6,6,6,6,6,6,6,6,6,6,6,6,6,6,6,6,6,6,6,6,6,6,6,6,6,6,6,6,6,6,6,6,6,6,6,6,6,6,6,6,6,6,6,6,6,6,20,20,20,20,20,20,20,20,20,20,20,20,20,20,20,20,13,13,13,13,13,13,13,13,13,13,13,13,13,13,13,13,26,26,26,26,26,26,26,26,,,,,,,,,,,,,,,,,,,,,,,,,0.135452312
47051,6,6,6,6,6,6,6,6,6,6,6,6,6,6,6,6,6,6,6,6,6,6,6,6,6,6,6,6,6,6,6,6,6,6,6,6,6,6,6,6,6,6,6,6,6,6,6,6,6,6,6,6,6,6,6,6,6,6,6,6,6,6,6,6,28,28,28,28,28,28,28,28,28,28,28,28,28,28,28,28,28,28,28,28,28,28,28,28,28,28,28,28,28,28,28,28,20,20,20,20,20,20,20,20,20,20,20,20,20,20,20,20,26,26,26,26,26,26,26,26,13,13,13,13,13,13,13,13,0.205254468
47455,6,6,6,6,6,6,6,6,6,6,6,6,6,6,6,6,6,6,6,6,6,6,6,6,6,6,6,6,6,6,6,6,6,6,6,6,6,6,6,6,6,6,6,6,6,6,6,6,6,6,6,6,6,6,6,6,6,6,6,6,6,6,6,6,20,20,20,20,20,20,20,20,20,20,20,20,20,20,20,20,13,13,13,13,13,13,13,13,13,13,13,13,13,13,13,13,28,28,28,28,28,28,28,28,28,28,28,28,28,28,28,28,26,26,26,26,26,26,26,26,29,29,29,29,29,29,29,29,0.203534214
47695,6,6,6,6,6,6,6,6,6,6,6,6,6,6,6,6,6,6,6,6,6,6,6,6,6,6,6,6,6,6,6,6,6,6,6,6,6,6,6,6,6,6,6,6,6,6,6,6,6,6,6,6,6,6,6,6,6,6,6,6,6,6,6,6,30,30,30,30,30,30,30,30,30,30,30,30,30,30,30,30,30,30,30,30,30,30,30,30,30,30,30,30,30,30,30,30,26,26,26,26,26,26,26,26,29,29,29,29,29,29,29,29,20,20,20,20,20,20,20,20,13,13,13,13,28,28,28,28,0.23296953
47937,6,6,6,6,6,6,6,6,6,6,6,6,6,6,6,6,6,6,6,6,6,6,6,6,6,6,6,6,6,6,6,6,6,6,6,6,6,6,6,6,6,6,6,6,6,6,6,6,6,6,6,6,6,6,6,6,6,6,6,6,6,6,6,6,20,20,20,20,20,20,20,20,20,20,20,20,20,20,20,20,13,13,13,13,13,13,13,13,13,13,13,13,13,13,13,13,28,28,28,28,28,28,28,28,28,28,28,28,28,28,28,28,26,26,26,26,26,26,26,26,29,29,29,29,29,29,29,29,0.203534214
48177,6,6,6,6,6,6,6,6,6,6,6,6,6,6,6,6,6,6,6,6,6,6,6,6,6,6,6,6,6,6,6,6,6,6,6,6,6,6,6,6,6,6,6,6,6,6,6,6,6,6,6,6,6,6,6,6,6,6,6,6,6,6,6,6,20,20,20,20,20,20,20,20,20,20,20,20,20,20,20,20,31,31,31,31,31,31,31,31,31,31,31,31,31,31,31,31,26,26,26,26,26,26,26,26,29,29,29,29,29,29,29,29,13,13,13,13,13,13,13,13,28,28,28,28,28,28,28,28,0.229725826
48417,31,31,31,31,31,31,31,31,31,31,31,31,31,31,31,31,31,31,31,31,31,31,31,31,31,31,31,31,31,31,31,31,32,32,32,32,32,32,32,32,32,32,32,32,32,32,32,32,32,32,32,32,32,32,32,32,32,32,32,32,32,32,32,32,13,13,13,13,13,13,13,13,13,13,13,13,13,13,13,13,6,6,6,6,6,6,6,6,6,6,6,6,6,6,6,6,26,26,26,26,26,26,26,26,29,29,29,29,29,29,29,29,20,20,20,20,20,20,20,20,28,28,28,28,28,28,28,28,0.249900177
49139,6,6,6,6,6,6,6,6,6,6,6,6,6,6,6,6,6,6,6,6,6,6,6,6,6,6,6,6,6,6,6,6,6,6,6,6,6,6,6,6,6,6,6,6,6,6,6,6,6,6,6,6,6,6,6,6,6,6,6,6,6,6,6,6,31,31,31,31,31,31,31,31,31,31,31,31,31,31,31,31,31,31,31,31,31,31,31,31,31,31,31,31,31,31,31,31,26,26,26,26,26,26,26,26,29,29,29,29,29,29,29,29,20,20,20,20,20,20,20,20,13,13,13,13,28,28,28,28,0.219250229
49379,31,31,31,31,31,31,31,31,31,31,31,31,31,31,31,31,31,31,31,31,31,31,31,31,31,31,31,31,31,31,31,31,6,6,6,6,6,6,6,6,6,6,6,6,6,6,6,6,6,6,6,6,6,6,6,6,6,6,6,6,6,6,6,6,20,20,20,20,20,20,20,20,20,20,20,20,20,20,20,20,33,33,33,33,33,33,33,33,33,33,33,33,33,33,33,33,26,26,26,26,26,26,26,26,29,29,29,29,29,29,29,29,13,13,13,13,13,13,13,13,28,28,28,28,28,28,28,28,0.273562026
56821,6,6,6,6,6,6,6,6,6,6,6,6,6,6,6,6,6,6,6,6,6,6,6,6,6,6,6,6,6,6,6,6,6,6,6,6,6,6,6,6,6,6,6,6,6,6,6,6,6,6,6,6,6,6,6,6,6,6,6,6,6,6,6,6,20,20,20,20,20,20,20,20,20,20,20,20,20,20,20,20,31,31,31,31,31,31,31,31,31,31,31,31,31,31,31,31,29,29,29,29,29,29,29,29,26,26,26,26,26,26,26,26,28,28,28,28,28,28,28,28,33,33,33,33,33,33,33,33,0.243359292
59322,33,33,33,33,33,33,33,33,33,33,33,33,33,33,33,33,33,33,33,33,33,33,33,33,33,33,33,33,33,33,33,33,33,33,33,33,33,33,33,33,33,33,33,33,33,33,33,33,33,33,33,33,33,33,33,33,33,33,33,33,33,33,33,33,31,31,31,31,31,31,31,31,31,31,31,31,31,31,31,31,31,31,31,31,31,31,31,31,31,31,31,31,31,31,31,31,29,29,29,29,29,29,29,29,26,26,26,26,26,26,26,26,28,28,28,28,28,28,28,28,6,6,6,6,34,34,20,20,0.215564643
61005,33,33,33,33,33,33,33,33,33,33,33,33,33,33,33,33,33,33,33,33,33,33,33,33,33,33,33,33,33,33,33,33,33,33,33,33,33,33,33,33,33,33,33,33,33,33,33,33,33,33,33,33,33,33,33,33,33,33,33,33,33,33,33,33,35,35,35,35,35,35,35,35,35,35,35,35,35,35,35,35,35,35,35,35,35,35,35,35,35,35,35,35,35,35,35,35,26,26,26,26,26,26,26,26,29,29,29,29,29,29,29,29,34,34,34,34,34,34,34,34,6,6,6,6,31,31,20,28,0.202771074
61307,28,28,28,28,28,28,28,28,28,28,28,28,28,28,28,28,28,28,28,28,28,28,28,28,28,28,28,28,28,28,28,28,28,28,28,28,28,28,28,28,28,28,28,28,28,28,28,28,28,28,28,28,28,28,28,28,28,28,28,28,28,28,28,28,36,36,36,36,36,36,36,36,36,36,36,36,36,36,36,36,36,36,36,36,36,36,36,36,36,36,36,36,36,36,36,36,29,29,29,29,29,29,29,29,34,34,34,34,34,34,34,34,33,33,33,33,33,33,33,33,26,26,26,26,35,6,31,20,0.244601192
61551,28,28,28,28,28,28,28,28,28,28,28,28,28,28,28,28,28,28,28,28,28,28,28,28,28,28,28,28,28,28,28,28,28,28,28,28,28,28,28,28,28,28,28,28,28,28,28,28,28,28,28,28,28,28,28,28,28,28,28,28,28,28,28,28,33,33,33,33,33,33,33,33,33,33,33,33,33,33,33,33,33,33,33,33,33,33,33,33,33,33,33,33,33,33,33,33,29,29,29,29,29,29,29,29,26,26,26,26,26,26,26,26,31,31,31,31,31,31,31,31,36,36,36,36,34,34,6,20,0.230168854
63233,33,33,33,33,33,33,33,33,33,33,33,33,33,33,33,33,33,33,33,33,33,33,33,33,33,33,33,33,33,33,33,33,33,33,33,33,33,33,33,33,33,33,33,33,33,33,33,33,33,33,33,33,33,33,33,33,33,33,33,33,33,33,33,33,31,31,31,31,31,31,31,31,31,31,31,31,31,31,31,31,31,31,31,31,31,31,31,31,31,31,31,31,31,31,31,31,36,36,36,36,36,36,36,36,36,36,36,36,36,36,36,36,29,29,29,29,29,29,29,29,26,26,26,26,6,6,20,28,0.17470901
64667,33,33,33,33,33,33,33,33,33,33,33,33,33,33,33,33,33,33,33,33,33,33,33,33,33,33,33,33,33,33,33,33,33,33,33,33,33,33,33,33,33,33,33,33,33,33,33,33,33,33,33,33,33,33,33,33,33,33,33,33,33,33,33,33,36,36,36,36,36,36,36,36,36,36,36,36,36,36,36,36,36,36,36,36,36,36,36,36,36,36,36,36,36,36,36,36,31,31,31,31,31,31,31,31,31,31,31,31,31,31,31,31,29,29,29,29,29,29,29,29,26,26,26,26,6,37,20,28,0.170035218
67057,33,33,33,33,33,33,33,33,33,33,33,33,33,33,33,33,33,33,33,33,33,33,33,33,33,33,33,33,33,33,33,33,33,33,33,33,33,33,33,33,33,33,33,33,33,33,33,33,33,33,33,33,33,33,33,33,33,33,33,33,33,33,33,33,20,20,20,20,20,20,20,20,20,20,20,20,20,20,20,20,38,38,38,38,38,38,38,38,38,38,38,38,38,38,38,38,36,36,36,36,36,36,36,36,36,36,36,36,36,36,36,36,29,29,29,29,29,29,29,29,37,37,26,26,28,28,6,31,0.184486553
67779,33,33,33,33,33,33,33,33,33,33,33,33,33,33,33,33,33,33,33,33,33,33,33,33,33,33,33,33,33,33,33,33,33,33,33,33,33,33,33,33,33,33,33,33,33,33,33,33,33,33,33,33,33,33,33,33,33,33,33,33,33,33,33,33,20,20,20,20,20,20,20,20,20,20,20,20,20,20,20,20,36,36,36,36,36,36,36,36,36,36,36,36,36,36,36,36,29,29,29,29,29,29,29,29,26,26,26,26,26,26,26,26,37,37,37,37,37,37,37,37,6,6,6,6,31,31,28,28,0.199150694
69046,33,33,33,33,33,33,33,33,33,33,33,33,33,33,33,33,33,33,33,33,33,33,33,33,33,33,33,33,33,33,33,33,33,33,33,33,33,33,33,33,33,33,33,33,33,33,33,33,33,33,33,33,33,33,33,33,33,33,33,33,33,33,33,33,31,31,31,31,31,31,31,31,31,31,31,31,31,31,31,31,31,31,31,31,31,31,31,31,31,31,31,31,31,31,31,31,29,29,29,29,29,29,29,29,26,26,26,26,26,26,26,26,39,39,39,39,39,39,39,39,28,28,28,28,6,36,37,20,0.198131997
70488,33,33,33,33,33,33,33,33,33,33,33,33,33,33,33,33,33,33,33,33,33,33,33,33,33,33,33,33,33,33,33,33,33,33,33,33,33,33,33,33,33,33,33,33,33,33,33,33,33,33,33,33,33,33,33,33,33,33,33,33,33,33,33,33,37,37,37,37,37,37,37,37,37,37,37,37,37,37,37,37,37,37,37,37,37,37,37,37,37,37,37,37,37,37,37,37,29,29,29,29,29,29,29,29,26,26,26,26,26,26,26,26,31,31,31,31,31,31,31,31,36,36,36,36,28,28,6,20,0.180571882
70970,33,33,33,33,33,33,33,33,33,33,33,33,33,33,33,33,33,33,33,33,33,33,33,33,33,33,33,33,33,33,33,33,33,33,33,33,33,33,33,33,33,33,33,33,33,33,33,33,33,33,33,33,33,33,33,33,33,33,33,33,33,33,33,33,31,31,31,31,31,31,31,31,31,31,31,31,31,31,31,31,31,31,31,31,31,31,31,31,31,31,31,31,31,31,31,31,29,29,29,29,29,29,29,29,26,26,26,26,26,26,26,26,6,6,6,6,6,6,6,6,28,28,28,28,20,20,37,37,0.214077624
72602,33,33,33,33,33,33,33,33,33,33,33,33,33,33,33,33,33,33,33,33,33,33,33,33,33,33,33,33,33,33,33,33,33,33,33,33,33,33,33,33,33,33,33,33,33,33,33,33,33,33,33,33,33,33,33,33,33,33,33,33,33,33,33,33,40,40,40,40,40,40,40,40,40,40,40,40,40,40,40,40,40,40,40,40,40,40,40,40,40,40,40,40,40,40,40,40,6,6,6,6,6,6,6,6,6,6,6,6,6,6,6,6,29,29,29,29,29,29,29,29,28,28,28,28,20,37,26,31,0.196295925
74761,33,33,33,33,33,33,33,33,33,33,33,33,33,33,33,33,33,33,33,33,33,33,33,33,33,33,33,33,33,33,33,33,33,33,33,33,33,33,33,33,33,33,33,33,33,33,33,33,33,33,33,33,33,33,33,33,33,33,33,33,33,33,33,33,40,40,40,40,40,40,40,40,40,40,40,40,40,40,40,40,40,40,40,40,40,40,40,40,40,40,40,40,40,40,40,40,29,29,29,29,29,29,29,29,20,20,20,20,20,20,20,20,28,28,28,28,28,28,28,28,37,37,37,37,41,6,26,31,0.199580508
77100,6,6,6,6,6,6,6,6,6,6,6,6,6,6,6,6,6,6,6,6,6,6,6,6,6,6,6,6,6,6,6,6,6,6,6,6,6,6,6,6,6,6,6,6,6,6,6,6,6,6,6,6,6,6,6,6,6,6,6,6,6,6,6,6,42,42,42,42,42,42,42,42,42,42,42,42,42,42,42,42,28,28,28,28,28,28,28,28,28,28,28,28,28,28,28,28,29,29,29,29,29,29,29,29,20,20,20,20,20,20,20,20,31,31,31,31,31,31,31,31,33,33,33,33,37,41,40,26,0.275182516
77582,28,28,28,28,28,28,28,28,28,28,28,28,28,28,28,28,28,28,28,28,28,28,28,28,28,28,28,28,28,28,28,28,28,28,28,28,28,28,28,28,28,28,28,28,28,28,28,28,28,28,28,28,28,28,28,28,28,28,28,28,28,28,28,28,31,31,31,31,31,31,31,31,31,31,31,31,31,31,31,31,31,31,31,31,31,31,31,31,31,31,31,31,31,31,31,31,20,20,20,20,20,20,20,20,20,20,20,20,20,20,20,20,29,29,29,29,29,29,29,29,33,33,33,33,41,40,26,6,0.215741728
77822,28,28,28,28,28,28,28,28,28,28,28,28,28,28,28,28,28,28,28,28,28,28,28,28,28,28,28,28,28,28,28,28,28,28,28,28,28,28,28,28,28,28,28,28,28,28,28,28,28,28,28,28,28,28,28,28,28,28,28,28,28,28,28,28,31,31,31,31,31,31,31,31,31,31,31,31,31,31,31,31,31,31,31,31,31,31,31,31,31,31,31,31,31,31,31,31,29,29,29,29,29,29,29,29,43,43,43,43,43,43,43,43,20,20,20,20,20,20,20,20,33,33,33,33,40,41,6,26,0.245140045
78064,28,28,28,28,28,28,28,28,28,28,28,28,28,28,28,28,28,28,28,28,28,28,28,28,28,28,28,28,28,28,28,28,28,28,28,28,28,28,28,28,28,28,28,28,28,28,28,28,28,28,28,28,28,28,28,28,28,28,28,28,28,28,28,28,20,20,20,20,20,20,20,20,20,20,20,20,20,20,20,20,41,41,41,41,41,41,41,41,41,41,41,41,41,41,41,41,31,31,31,31,31,31,31,31,31,31,31,31,31,31,31,31,29,29,29,29,29,29,29,29,33,33,33,33,40,40,26,6,0.228615952
78306,33,33,33,33,33,33,33,33,33,33,33,33,33,33,33,33,33,33,33,33,33,33,33,33,33,33,33,33,33,33,33,33,33,33,33,33,33,33,33,33,33,33,33,33,33,33,33,33,33,33,33,33,33,33,33,33,33,33,33,33,33,33,33,33,31,31,31,31,31,31,31,31,31,31,31,31,31,31,31,31,31,31,31,31,31,31,31,31,31,31,31,31,31,31,31,31,41,41,41,41,41,41,41,41,41,41,41,41,41,41,41,41,26,26,26,26,26,26,26,26,40,40,40,40,28,28,6,29,0.179819206
78548,28,28,28,28,28,28,28,28,28,28,28,28,28,28,28,28,28,28,28,28,28,28,28,28,28,28,28,28,28,28,28,28,28,28,28,28,28,28,28,28,28,28,28,28,28,28,28,28,28,28,28,28,28,28,28,28,28,28,28,28,28,28,28,28,33,33,33,33,33,33,33,33,33,33,33,33,33,33,33,33,33,33,33,33,33,33,33,33,33,33,33,33,33,33,33,33,40,40,40,40,40,40,40,40,40,40,40,40,40,40,40,40,26,26,26,26,26,26,26,26,41,41,41,41,29,29,6,6,0.203646456
83698,28,28,28,28,28,28,28,28,28,28,28,28,28,28,28,28,28,28,28,28,28,28,28,28,28,28,28,28,28,28,28,28,28,28,28,28,28,28,28,28,28,28,28,28,28,28,28,28,28,28,28,28,28,28,28,28,28,28,28,28,28,28,28,28,33,33,33,33,33,33,33,33,33,33,33,33,33,33,33,33,33,33,33,33,33,33,33,33,33,33,33,33,33,33,33,33,44,44,44,44,44,44,44,44,44,44,44,44,44,44,44,44,41,41,41,41,41,41,41,41,26,26,40,40,6,6,29,29,0.214420289
84420,28,28,28,28,28,28,28,28,28,28,28,28,28,28,28,28,28,28,28,28,28,28,28,28,28,28,28,28,28,28,28,28,28,28,28,28,28,28,28,28,28,28,28,28,28,28,28,28,28,28,28,28,28,28,28,28,28,28,28,28,28,28,28,28,33,33,33,33,33,33,33,33,33,33,33,33,33,33,33,33,33,33,33,33,33,33,33,33,33,33,33,33,33,33,33,33,44,44,44,44,44,44,44,44,44,44,44,44,44,44,44,44,40,40,40,40,40,40,40,40,26,26,26,26,29,29,6,6,0.205697302
84662,33,33,33,33,33,33,33,33,33,33,33,33,33,33,33,33,33,33,33,33,33,33,33,33,33,33,33,33,33,33,33,33,33,33,33,33,33,33,33,33,33,33,33,33,33,33,33,33,33,33,33,33,33,33,33,33,33,33,33,33,33,33,33,33,40,40,40,40,40,40,40,40,40,40,40,40,40,40,40,40,40,40,40,40,40,40,40,40,40,40,40,40,40,40,40,40,26,26,26,26,26,26,26,26,29,29,29,29,29,29,29,29,28,28,28,28,28,28,28,28,6,6,6,6,6,6,6,6,0.180461997
88599,28,28,28,28,28,28,28,28,28,28,28,28,28,28,28,28,28,28,28,28,28,28,28,28,28,28,28,28,28,28,28,28,28,28,28,28,28,28,28,28,28,28,28,28,28,28,28,28,28,28,28,28,28,28,28,28,28,28,28,28,28,28,28,28,33,33,33,33,33,33,33,33,33,33,33,33,33,33,33,33,33,33,33,33,33,33,33,33,33,33,33,33,33,33,33,33,40,40,40,40,40,40,40,40,40,40,40,40,40,40,40,40,45,45,45,45,45,45,45,45,6,6,6,6,26,26,29,29,0.207344141
88863,28,28,28,28,28,28,28,28,28,28,28,28,28,28,28,28,28,28,28,28,28,28,28,28,28,28,28,28,28,28,28,28,28,28,28,28,28,28,28,28,28,28,28,28,28,28,28,28,28,28,28,28,28,28,28,28,28,28,28,28,28,28,28,28,40,40,40,40,40,40,40,40,40,40,40,40,40,40,40,40,40,40,40,40,40,40,40,40,40,40,40,40,40,40,40,40,26,26,26,26,26,26,26,26,45,45,45,45,45,45,45,45,33,33,33,33,33,33,33,33,6,6,6,6,46,46,29,29,0.217377048
89345,33,33,33,33,33,33,33,33,33,33,33,33,33,33,33,33,33,33,33,33,33,33,33,33,33,33,33,33,33,33,33,33,33,33,33,33,33,33,33,33,33,33,33,33,33,33,33,33,33,33,33,33,33,33,33,33,33,33,33,33,33,33,33,33,40,40,40,40,40,40,40,40,40,40,40,40,40,40,40,40,40,40,40,40,40,40,40,40,40,40,40,40,40,40,40,40,46,46,46,46,46,46,46,46,46,46,46,46,46,46,46,46,26,26,26,26,26,26,26,26,28,28,28,28,6,6,29,29,0.16155264
90967,33,33,33,33,33,33,33,33,33,33,33,33,33,33,33,33,33,33,33,33,33,33,33,33,33,33,33,33,33,33,33,33,33,33,33,33,33,33,33,33,33,33,33,33,33,33,33,33,33,33,33,33,33,33,33,33,33,33,33,33,33,33,33,33,40,40,40,40,40,40,40,40,40,40,40,40,40,40,40,40,40,40,40,40,40,40,40,40,40,40,40,40,40,40,40,40,28,28,28,28,28,28,28,28,28,28,28,28,28,28,28,28,26,26,26,26,26,26,26,26,46,46,46,46,29,29,6,47,0.186802946
92850,28,28,28,28,28,28,28,28,28,28,28,28,28,28,28,28,28,28,28,28,28,28,28,28,28,28,28,28,28,28,28,28,28,28,28,28,28,28,28,28,28,28,28,28,28,28,28,28,28,28,28,28,28,28,28,28,28,28,28,28,28,28,28,28,48,48,48,48,48,48,48,48,48,48,48,48,48,48,48,48,48,48,48,48,48,48,48,48,48,48,48,48,48,48,48,48,47,47,47,47,47,47,47,47,47,47,47,47,47,47,47,47,29,29,29,29,29,29,29,29,33,33,33,33,26,40,6,46,0.214794202
93778,28,28,28,28,28,28,28,28,28,28,28,28,28,28,28,28,28,28,28,28,28,28,28,28,28,28,28,28,28,28,28,28,28,28,28,28,28,28,28,28,28,28,28,28,28,28,28,28,28,28,28,28,28,28,28,28,28,28,28,28,28,28,28,28,49,49,49,49,49,49,49,49,49,49,49,49,49,49,49,49,49,49,49,49,49,49,49,49,49,49,49,49,49,49,49,49,47,47,47,47,47,47,47,47,47,47,47,47,47,47,47,47,46,46,46,46,33,33,33,33,48,48,40,40,26,26,29,6,0.258135121
94026,28,28,28,28,28,28,28,28,28,28,28,28,28,28,28,28,28,28,28,28,28,28,28,28,28,28,28,28,28,28,28,28,28,28,28,28,28,28,28,28,28,28,28,28,28,28,28,28,28,28,28,28,28,28,28,28,28,28,28,28,28,28,28,28,48,48,48,48,48,48,48,48,48,48,48,48,48,48,48,48,48,48,48,48,48,48,48,48,48,48,48,48,48,48,48,48,47,47,47,47,47,47,47,47,47,47,47,47,47,47,47,47,29,29,29,29,29,29,29,29,33,33,33,33,26,40,6,49,0.214794202
94912,28,28,28,28,28,28,28,28,28,28,28,28,28,28,28,28,28,28,28,28,28,28,28,28,28,28,28,28,28,28,28,28,28,28,28,28,28,28,28,28,28,28,28,28,28,28,28,28,28,28,28,28,28,28,28,28,28,28,28,28,28,28,28,28,47,47,47,47,47,47,47,47,47,47,47,47,47,47,47,47,40,40,40,40,40,40,40,40,40,40,40,40,40,40,40,40,29,29,29,29,29,29,29,29,26,26,26,26,26,26,26,26,33,33,33,33,33,33,33,33,48,48,48,48,6,6,50,49,0.239479708
95874,28,28,28,28,28,28,28,28,28,28,28,28,28,28,28,28,28,28,28,28,28,28,28,28,28,28,28,28,28,28,28,28,28,28,28,28,28,28,28,28,28,28,28,28,28,28,28,28,28,28,28,28,28,28,28,28,28,28,28,28,28,28,28,28,48,48,48,48,48,48,48,48,48,48,48,48,48,48,48,48,48,48,48,48,48,48,48,48,48,48,48,48,48,48,48,48,29,29,29,29,29,29,29,29,47,47,47,47,47,47,47,47,33,33,33,33,33,33,33,33,50,50,6,6,40,40,26,26,0.247066366
96114,51,51,51,51,51,51,51,51,51,51,51,51,51,51,51,51,51,51,51,51,51,51,51,51,51,51,51,51,51,51,51,51,28,28,28,28,28,28,28,28,28,28,28,28,28,28,28,28,28,28,28,28,28,28,28,28,28,28,28,28,28,28,28,28,6,6,6,6,6,6,6,6,6,6,6,6,6,6,6,6,6,6,6,6,6,6,6,6,6,6,6,6,6,6,6,6,47,47,47,47,47,47,47,47,47,47,47,47,47,47,47,47,33,33,33,33,33,33,33,33,48,48,50,50,26,26,29,40,0.291320737
96356,28,28,28,28,28,28,28,28,28,28,28,28,28,28,28,28,28,28,28,28,28,28,28,28,28,28,28,28,28,28,28,28,28,28,28,28,28,28,28,28,28,28,28,28,28,28,28,28,28,28,28,28,28,28,28,28,28,28,28,28,28,28,28,28,48,48,48,48,48,48,48,48,48,48,48,48,48,48,48,48,48,48,48,48,48,48,48,48,48,48,48,48,48,48,48,48,29,29,29,29,29,29,29,29,47,47,47,47,47,47,47,47,33,33,33,33,33,33,33,33,51,51,50,50,26,26,40,40,0.24676657
98038,28,28,28,28,28,28,28,28,28,28,28,28,28,28,28,28,28,28,28,28,28,28,28,28,28,28,28,28,28,28,28,28,28,28,28,28,28,28,28,28,28,28,28,28,28,28,28,28,28,28,28,28,28,28,28,28,28,28,28,28,28,28,28,28,47,47,47,47,47,47,47,47,47,47,47,47,47,47,47,47,51,51,51,51,51,51,51,51,51,51,51,51,51,51,51,51,29,29,29,29,29,29,29,29,48,48,48,48,48,48,48,48,33,33,33,33,33,33,33,33,40,40,40,40,26,26,26,26,0.250863168
98280,28,28,28,28,28,28,28,28,28,28,28,28,28,28,28,28,28,28,28,28,28,28,28,28,28,28,28,28,28,28,28,28,28,28,28,28,28,28,28,28,28,28,28,28,28,28,28,28,28,28,28,28,28,28,28,28,28,28,28,28,28,28,28,28,40,40,40,40,40,40,40,40,40,40,40,40,40,40,40,40,40,40,40,40,40,40,40,40,40,40,40,40,40,40,40,40,47,47,47,47,47,47,47,47,47,47,47,47,47,47,47,47,29,29,29,29,29,29,29,29,33,33,33,33,26,26,48,48,0.187442247
98522,48,48,48,48,48,48,48,48,48,48,48,48,48,48,48,48,48,48,48,48,48,48,48,48,48,48,48,48,48,48,48,48,40,40,40,40,40,40,40,40,40,40,40,40,40,40,40,40,40,40,40,40,40,40,40,40,40,40,40,40,40,40,40,40,28,28,28,28,28,28,28,28,28,28,28,28,28,28,28,28,28,28,28,28,28,28,28,28,28,28,28,28,28,28,28,28,33,33,33,33,33,33,33,33,33,33,33,33,33,33,33,33,29,29,29,29,29,29,29,29,26,26,26,26,26,26,26,26,0.215239309
99804,40,40,40,40,40,40,40,40,40,40,40,40,40,40,40,40,40,40,40,40,40,40,40,40,40,40,40,40,40,40,40,40,33,33,33,33,33,33,33,33,33,33,33,33,33,33,33,33,33,33,33,33,33,33,33,33,33,33,33,33,33,33,33,33,52,52,52,52,52,52,52,52,52,52,52,52,52,52,52,52,28,28,28,28,28,28,28,28,28,28,28,28,28,28,28,28,48,48,48,48,48,48,48,48,48,48,48,48,48,48,48,48,26,26,26,26,26,26,26,26,29,29,29,29,29,29,29,29,0.213028588
100846,48,48,48,48,48,48,48,48,48,48,48,48,48,48,48,48,48,48,48,48,48,48,48,48,48,48,48,48,48,48,48,48,28,28,28,28,28,28,28,28,28,28,28,28,28,28,28,28,28,28,28,28,28,28,28,28,28,28,28,28,28,28,28,28,52,52,52,52,52,52,52,52,52,52,52,52,52,52,52,52,53,53,53,53,53,53,53,53,53,53,53,53,53,53,53,53,26,26,26,26,26,26,26,26,29,29,29,29,29,29,29,29,33,33,33,33,33,33,33,33,40,40,40,40,40,40,40,40,0.26708271
102288,28,28,28,28,28,28,28,28,28,28,28,28,28,28,28,28,28,28,28,28,28,28,28,28,28,28,28,28,28,28,28,28,28,28,28,28,28,28,28,28,28,28,28,28,28,28,28,28,28,28,28,28,28,28,28,28,28,28,28,28,28,28,28,28,52,52,52,52,52,52,52,52,52,52,52,52,52,52,52,52,48,48,48,48,48,48,48,48,48,48,48,48,48,48,48,48,26,26,26,26,26,26,26,26,29,29,29,29,29,29,29,29,40,40,40,40,40,40,40,40,33,33,33,33,33,33,33,33,0.226290675
103518,54,54,54,54,54,54,54,54,54,54,54,54,54,54,54,54,54,54,54,54,54,54,54,54,54,54,54,54,54,54,54,54,54,54,54,54,54,54,54,54,54,54,54,54,54,54,54,54,54,54,54,54,54,54,54,54,54,54,54,54,54,54,54,54,40,40,40,40,40,40,40,40,40,40,40,40,40,40,40,40,40,40,40,40,40,40,40,40,40,40,40,40,40,40,40,40,26,26,26,26,26,26,26,26,29,29,29,29,29,29,29,29,48,48,48,48,48,48,48,48,28,28,28,28,52,52,33,33,0.260230139
104173,40,40,40,40,40,40,40,40,40,40,40,40,40,40,40,40,40,40,40,40,40,40,40,40,40,40,40,40,40,40,40,40,55,55,55,55,55,55,55,55,55,55,55,55,55,55,55,55,55,55,55,55,55,55,55,55,55,55,55,55,55,55,55,55,54,54,54,54,54,54,54,54,54,54,54,54,54,54,54,54,54,54,54,54,54,54,54,54,54,54,54,54,54,54,54,54,26,26,26,26,26,26,26,26,29,29,29,29,29,29,29,29,28,28,28,28,28,28,28,28,52,52,52,52,48,48,33,33,0.285568728
104895,40,40,40,40,40,40,40,40,40,40,40,40,40,40,40,40,40,40,40,40,40,40,40,40,40,40,40,40,40,40,40,40,28,28,28,28,28,28,28,28,28,28,28,28,28,28,28,28,28,28,28,28,28,28,28,28,28,28,28,28,28,28,28,28,52,52,52,52,52,52,52,52,52,52,52,52,52,52,52,52,48,48,48,48,48,48,48,48,48,48,48,48,48,48,48,48,29,29,29,29,29,29,29,29,26,26,26,26,26,26,26,26,33,33,33,33,33,33,33,33,55,55,55,55,55,55,55,55,0.251421123
107057,28,28,28,28,28,28,28,28,28,28,28,28,28,28,28,28,28,28,28,28,28,28,28,28,28,28,28,28,28,28,28,28,28,28,28,28,28,28,28,28,28,28,28,28,28,28,28,28,28,28,28,28,28,28,28,28,28,28,28,28,28,28,28,28,55,55,55,55,55,55,55,55,55,55,55,55,55,55,55,55,55,55,55,55,55,55,55,55,55,55,55,55,55,55,55,55,26,26,26,26,26,26,26,26,29,29,29,29,29,29,29,29,52,52,52,52,52,52,52,52,40,40,40,40,33,33,33,33,0.217511831
107390,40,40,40,40,40,40,40,40,40,40,40,40,40,40,40,40,40,40,40,40,40,40,40,40,40,40,40,40,40,40,40,40,28,28,28,28,28,28,28,28,28,28,28,28,28,28,28,28,28,28,28,28,28,28,28,28,28,28,28,28,28,28,28,28,52,52,52,52,52,52,52,52,52,52,52,52,52,52,52,52,56,56,56,56,56,56,56,56,56,56,56,56,56,56,56,56,26,26,26,26,26,26,26,26,29,29,29,29,29,29,29,29,33,33,33,33,33,33,33,33,55,55,55,55,55,55,55,55,0.234918321
107632,55,55,55,55,55,55,55,55,55,55,55,55,55,55,55,55,55,55,55,55,55,55,55,55,55,55,55,55,55,55,55,55,28,28,28,28,28,28,28,28,28,28,28,28,28,28,28,28,28,28,28,28,28,28,28,28,28,28,28,28,28,28,28,28,52,52,52,52,52,52,52,52,52,52,52,52,52,52,52,52,33,33,33,33,33,33,33,33,33,33,33,33,33,33,33,33,40,40,40,40,40,40,40,40,40,40,40,40,40,40,40,40,26,26,26,26,26,26,26,26,29,29,29,29,29,29,29,29,0.235067985
110839,40,40,40,40,40,40,40,40,40,40,40,40,40,40,40,40,40,40,40,40,40,40,40,40,40,40,40,40,40,40,40,40,33,33,33,33,33,33,33,33,33,33,33,33,33,33,33,33,33,33,33,33,33,33,33,33,33,33,33,33,33,33,33,33,52,52,52,52,52,52,52,52,52,52,52,52,52,52,52,52,57,57,57,57,57,57,57,57,57,57,57,57,57,57,57,57,26,26,26,26,26,26,26,26,29,29,29,29,29,29,29,29,55,55,55,55,55,55,55,55,28,28,28,28,28,28,28,28,0.229560082
111766,40,40,40,40,40,40,40,40,40,40,40,40,40,40,40,40,40,40,40,40,40,40,40,40,40,40,40,40,40,40,40,40,33,33,33,33,33,33,33,33,33,33,33,33,33,33,33,33,33,33,33,33,33,33,33,33,33,33,33,33,33,33,33,33,52,52,52,52,52,52,52,52,52,52,52,52,52,52,52,52,58,58,58,58,58,58,58,58,58,58,58,58,58,58,58,58,26,26,26,26,26,26,26,26,29,29,29,29,29,29,29,29,55,55,55,55,55,55,55,55,28,28,28,28,28,28,28,28,0.235431224
112728,33,33,33,33,33,33,33,33,33,33,33,33,33,33,33,33,33,33,33,33,33,33,33,33,33,33,33,33,33,33,33,33,33,33,33,33,33,33,33,33,33,33,33,33,33,33,33,33,33,33,33,33,33,33,33,33,33,33,33,33,33,33,33,33,52,52,52,52,52,52,52,52,52,52,52,52,52,52,52,52,40,40,40,40,40,40,40,40,40,40,40,40,40,40,40,40,26,26,26,26,26,26,26,26,29,29,29,29,29,29,29,29,55,55,55,55,55,55,55,55,28,28,28,28,28,28,28,28,0.189777314
113024,40,40,40,40,40,40,40,40,40,40,40,40,40,40,40,40,40,40,40,40,40,40,40,40,40,40,40,40,40,40,40,40,33,33,33,33,33,33,33,33,33,33,33,33,33,33,33,33,33,33,33,33,33,33,33,33,33,33,33,33,33,33,33,33,52,52,52,52,52,52,52,52,52,52,52,52,52,52,52,52,59,59,59,59,59,59,59,59,59,59,59,59,59,59,59,59,26,26,26,26,26,26,26,26,29,29,29,29,29,29,29,29,55,55,55,55,55,55,55,55,28,28,28,28,28,28,28,28,0.228545161
113266,33,33,33,33,33,33,33,33,33,33,33,33,33,33,33,33,33,33,33,33,33,33,33,33,33,33,33,33,33,33,33,33,33,33,33,33,33,33,33,33,33,33,33,33,33,33,33,33,33,33,33,33,33,33,33,33,33,33,33,33,33,33,33,33,52,52,52,52,52,52,52,52,52,52,52,52,52,52,52,52,40,40,40,40,40,40,40,40,40,40,40,40,40,40,40,40,26,26,26,26,26,26,26,26,29,29,29,29,29,29,29,29,55,55,55,55,55,55,55,55,28,28,28,28,28,28,28,28,0.189777314
116819,55,55,55,55,55,55,55,55,55,55,55,55,55,55,55,55,55,55,55,55,55,55,55,55,55,55,55,55,55,55,55,55,40,40,40,40,40,40,40,40,40,40,40,40,40,40,40,40,40,40,40,40,40,40,40,40,40,40,40,40,40,40,40,40,33,33,33,33,33,33,33,33,33,33,33,33,33,33,33,33,33,33,33,33,33,33,33,33,33,33,33,33,33,33,33,33,52,52,52,52,52,52,52,52,52,52,52,52,52,52,52,52,29,29,29,29,29,29,29,29,60,60,60,60,28,28,26,26,0.203815458
117781,33,33,33,33,33,33,33,33,33,33,33,33,33,33,33,33,33,33,33,33,33,33,33,33,33,33,33,33,33,33,33,33,33,33,33,33,33,33,33,33,33,33,33,33,33,33,33,33,33,33,33,33,33,33,33,33,33,33,33,33,33,33,33,33,40,40,40,40,40,40,40,40,40,40,40,40,40,40,40,40,40,40,40,40,40,40,40,40,40,40,40,40,40,40,40,40,52,52,52,52,52,52,52,52,52,52,52,52,52,52,52,52,29,29,29,29,29,29,29,29,28,28,28,28,55,55,26,26,0.157703955
118749,28,28,28,28,28,28,28,28,28,28,28,28,28,28,28,28,28,28,28,28,28,28,28,28,28,28,28,28,28,28,28,28,28,28,28,28,28,28,28,28,28,28,28,28,28,28,28,28,28,28,28,28,28,28,28,28,28,28,28,28,28,28,28,28,40,40,40,40,40,40,40,40,40,40,40,40,40,40,40,40,40,40,40,40,40,40,40,40,40,40,40,40,40,40,40,40,52,52,52,52,52,52,52,52,52,52,52,52,52,52,52,52,29,29,29,29,29,29,29,29,33,33,33,33,55,55,61,26,0.19186994
119749,28,28,28,28,28,28,28,28,28,28,28,28,28,28,28,28,28,28,28,28,28,28,28,28,28,28,28,28,28,28,28,28,28,28,28,28,28,28,28,28,28,28,28,28,28,28,28,28,28,28,28,28,28,28,28,28,28,28,28,28,28,28,28,28,40,40,40,40,40,40,40,40,40,40,40,40,40,40,40,40,40,40,40,40,40,40,40,40,40,40,40,40,40,40,40,40,52,52,52,52,52,52,52,52,52,52,52,52,52,52,52,52,29,29,29,29,29,29,29,29,61,61,33,33,55,55,62,26,0.195544294
120125,28,28,28,28,28,28,28,28,28,28,28,28,28,28,28,28,28,28,28,28,28,28,28,28,28,28,28,28,28,28,28,28,28,28,28,28,28,28,28,28,28,28,28,28,28,28,28,28,28,28,28,28,28,28,28,28,28,28,28,28,28,28,28,28,40,40,40,40,40,40,40,40,40,40,40,40,40,40,40,40,40,40,40,40,40,40,40,40,40,40,40,40,40,40,40,40,52,52,52,52,52,52,52,52,52,52,52,52,52,52,52,52,29,29,29,29,29,29,29,29,61,61,33,33,63,55,62,26,0.197199237
120367,55,55,55,55,55,55,55,55,55,55,55,55,55,55,55,55,55,55,55,55,55,55,55,55,55,55,55,55,55,55,55,55,40,40,40,40,40,40,40,40,40,40,40,40,40,40,40,40,40,40,40,40,40,40,40,40,40,40,40,40,40,40,40,40,28,28,28,28,28,28,28,28,28,28,28,28,28,28,28,28,28,28,28,28,28,28,28,28,28,28,28,28,28,28,28,28,52,52,52,52,52,52,52,52,52,52,52,52,52,52,52,52,29,29,29,29,29,29,29,29,63,63,63,63,33,33,62,26,0.228345681
120609,33,33,33,33,33,33,33,33,33,33,33,33,33,33,33,33,33,33,33,33,33,33,33,33,33,33,33,33,33,33,33,33,33,33,33,33,33,33,33,33,33,33,33,33,33,33,33,33,33,33,33,33,33,33,33,33,33,33,33,33,33,33,33,33,40,40,40,40,40,40,40,40,40,40,40,40,40,40,40,40,40,40,40,40,40,40,40,40,40,40,40,40,40,40,40,40,62,62,62,62,62,62,62,62,62,62,62,62,62,62,62,62,29,29,29,29,29,29,29,29,26,26,28,28,52,52,55,55,0.15996985
120849,40,40,40,40,40,40,40,40,40,40,40,40,40,40,40,40,40,40,40,40,40,40,40,40,40,40,40,40,40,40,40,40,28,28,28,28,28,28,28,28,28,28,28,28,28,28,28,28,28,28,28,28,28,28,28,28,28,28,28,28,28,28,28,28,52,52,52,52,52,52,52,52,52,52,52,52,52,52,52,52,62,62,62,62,62,62,62,62,62,62,62,62,62,62,62,62,26,26,26,26,26,26,26,26,29,29,29,29,29,29,29,29,33,33,33,33,33,33,33,33,55,55,55,55,64,64,64,64,0.244320993
122518,55,55,55,55,55,55,55,55,55,55,55,55,55,55,55,55,55,55,55,55,55,55,55,55,55,55,55,55,55,55,55,55,40,40,40,40,40,40,40,40,40,40,40,40,40,40,40,40,40,40,40,40,40,40,40,40,40,40,40,40,40,40,40,40,62,62,62,62,62,62,62,62,62,62,62,62,62,62,62,62,64,64,64,64,64,64,64,64,64,64,64,64,64,64,64,64,26,26,26,26,26,26,26,26,29,29,29,29,29,29,29,29,65,65,65,65,65,65,65,65,28,28,28,28,33,33,52,52,0.220022757
122790,40,40,40,40,40,40,40,40,40,40,40,40,40,40,40,40,40,40,40,40,40,40,40,40,40,40,40,40,40,40,40,40,52,52,52,52,52,52,52,52,52,52,52,52,52,52,52,52,65,65,65,65,65,65,65,65,65,65,65,65,65,65,65,65,64,64,64,64,64,64,64,64,64,64,64,64,64,64,64,64,33,33,33,33,33,33,33,33,33,33,33,33,33,33,33,33,26,26,26,26,26,26,26,26,29,29,29,29,29,29,29,29,28,28,28,28,28,28,28,28,62,62,62,62,66,66,55,55,0.251194625
123272,40,40,40,40,40,40,40,40,40,40,40,40,40,40,40,40,40,40,40,40,40,40,40,40,40,40,40,40,40,40,40,40,55,55,55,55,55,55,55,55,55,55,55,55,55,55,55,55,55,55,55,55,55,55,55,55,55,55,55,55,55,55,55,55,52,52,52,52,52,52,52,52,52,52,52,52,52,52,52,52,66,66,66,66,66,66,66,66,66,66,66,66,66,66,66,66,26,26,26,26,26,26,26,26,29,29,29,29,29,29,29,29,28,28,28,28,28,28,28,28,65,65,65,65,33,33,64,64,0.251978512
123514,40,40,40,40,40,40,40,40,40,40,40,40,40,40,40,40,40,40,40,40,40,40,40,40,40,40,40,40,40,40,40,40,55,55,55,55,55,55,55,55,55,55,55,55,55,55,55,55,55,55,55,55,55,55,55,55,55,55,55,55,55,55,55,55,28,28,28,28,28,28,28,28,28,28,28,28,28,28,28,28,28,28,28,28,28,28,28,28,28,28,28,28,28,28,28,28,52,52,52,52,52,52,52,52,52,52,52,52,52,52,52,52,26,26,26,26,26,26,26,26,33,33,33,33,64,64,65,29,0.23146106
123756,40,40,40,40,40,40,40,40,40,40,40,40,40,40,40,40,40,40,40,40,40,40,40,40,40,40,40,40,40,40,40,40,55,55,55,55,55,55,55,55,55,55,55,55,55,55,55,55,55,55,55,55,55,55,55,55,55,55,55,55,55,55,55,55,52,52,52,52,52,52,52,52,52,52,52,52,52,52,52,52,28,28,28,28,28,28,28,28,28,28,28,28,28,28,28,28,26,26,26,26,26,26,26,26,29,29,29,29,29,29,29,29,64,64,64,64,64,64,64,64,33,33,33,33,33,33,33,33,0.232200293
124238,33,33,33,33,33,33,33,33,33,33,33,33,33,33,33,33,33,33,33,33,33,33,33,33,33,33,33,33,33,33,33,33,33,33,33,33,33,33,33,33,33,33,33,33,33,33,33,33,33,33,33,33,33,33,33,33,33,33,33,33,33,33,33,33,52,52,52,52,52,52,52,52,52,52,52,52,52,52,52,52,64,64,64,64,64,64,64,64,64,64,64,64,64,64,64,64,55,55,55,55,55,55,55,55,55,55,55,55,55,55,55,55,26,26,26,26,26,26,26,26,40,40,40,40,28,28,28,28,0.188733393
126368,55,55,55,55,55,55,55,55,55,55,55,55,55,55,55,55,55,55,55,55,55,55,55,55,55,55,55,55,55,55,55,55,28,28,28,28,28,28,28,28,28,28,28,28,28,28,28,28,28,28,28,28,28,28,28,28,28,28,28,28,28,28,28,28,52,52,52,52,52,52,52,52,52,52,52,52,52,52,52,52,64,64,64,64,64,64,64,64,64,64,64,64,64,64,64,64,67,67,67,67,67,67,67,67,67,67,67,67,67,67,67,67,26,26,26,26,26,26,26,26,40,40,40,40,33,33,33,33,0.283449285
126610,40,40,40,40,40,40,40,40,40,40,40,40,40,40,40,40,40,40,40,40,40,40,40,40,40,40,40,40,40,40,40,40,33,33,33,33,33,33,33,33,33,33,33,33,33,33,33,33,33,33,33,33,33,33,33,33,33,33,33,33,33,33,33,33,52,52,52,52,52,52,52,52,52,52,52,52,52,52,52,52,64,64,64,64,64,64,64,64,64,64,64,64,64,64,64,64,55,55,55,55,55,55,55,55,55,55,55,55,55,55,55,55,26,26,26,26,26,26,26,26,28,28,28,28,28,28,28,28,0.206590562
126850,40,40,40,40,40,40,40,40,40,40,40,40,40,40,40,40,40,40,40,40,40,40,40,40,40,40,40,40,40,40,40,40,55,55,55,55,55,55,55,55,55,55,55,55,55,55,55,55,55,55,55,55,55,55,55,55,55,55,55,55,55,55,55,55,52,52,52,52,52,52,52,52,52,52,52,52,52,52,52,52,64,64,64,64,64,64,64,64,64,64,64,64,64,64,64,64,68,68,68,68,68,68,68,68,68,68,68,68,68,68,68,68,26,26,26,26,26,26,26,26,33,33,33,33,28,28,28,28,0.203509423
128532,40,40,40,40,40,40,40,40,40,40,40,40,40,40,40,40,40,40,40,40,40,40,40,40,40,40,40,40,40,40,40,40,33,33,33,33,33,33,33,33,33,33,33,33,33,33,33,33,33,33,33,33,33,33,33,33,33,33,33,33,33,33,33,33,64,64,64,64,64,64,64,64,64,64,64,64,64,64,64,64,52,52,52,52,52,52,52,52,52,52,52,52,52,52,52,52,28,28,28,28,28,28,28,28,28,28,28,28,28,28,28,28,26,26,26,26,26,26,26,26,55,55,55,55,55,55,55,55,0.209797267
130471,55,55,55,55,55,55,55,55,55,55,55,55,55,55,55,55,55,55,55,55,55,55,55,55,55,55,55,55,55,55,55,55,28,28,28,28,28,28,28,28,28,28,28,28,28,28,28,28,28,28,28,28,28,28,28,28,28,28,28,28,28,28,28,28,64,64,64,64,64,64,64,64,64,64,64,64,64,64,64,64,52,52,52,52,52,52,52,52,52,52,52,52,52,52,52,52,26,26,26,26,26,26,26,26,69,69,69,69,69,69,69,69,40,40,40,40,40,40,40,40,33,33,33,33,33,33,33,33,0.248293441
130713,40,40,40,40,40,40,40,40,40,40,40,40,40,40,40,40,40,40,40,40,40,40,40,40,40,40,40,40,40,40,40,40,28,28,28,28,28,28,28,28,28,28,28,28,28,28,28,28,28,28,28,28,28,28,28,28,28,28,28,28,28,28,28,28,52,52,52,52,52,52,52,52,52,52,52,52,52,52,52,52,64,64,64,64,64,64,64,64,64,64,64,64,64,64,64,64,33,33,33,33,33,33,33,33,33,33,33,33,33,33,33,33,26,26,26,26,26,26,26,26,69,69,69,69,69,69,69,69,0.210485979
131027,40,40,40,40,40,40,40,40,40,40,40,40,40,40,40,40,40,40,40,40,40,40,40,40,40,40,40,40,40,40,40,40,70,70,70,70,70,70,70,70,70,70,70,70,70,70,70,70,70,70,70,70,70,70,70,70,70,70,70,70,70,70,70,70,64,64,64,64,64,64,64,64,64,64,64,64,64,64,64,64,52,52,52,52,52,52,52,52,52,52,52,52,52,52,52,52,26,26,26,26,26,26,26,26,69,69,69,69,69,69,69,69,33,33,33,33,33,33,33,33,28,28,28,28,28,28,28,28,0.210227067
131269,40,40,40,40,40,40,40,40,40,40,40,40,40,40,40,40,40,40,40,40,40,40,40,40,40,40,40,40,40,40,40,40,28,28,28,28,28,28,28,28,28,28,28,28,28,28,28,28,28,28,28,28,28,28,28,28,28,28,28,28,28,28,28,28,52,52,52,52,52,52,52,52,52,52,52,52,52,52,52,52,64,64,64,64,64,64,64,64,64,64,64,64,64,64,64,64,33,33,33,33,33,33,33,33,33,33,33,33,33,33,33,33,26,26,26,26,26,26,26,26,69,69,69,69,69,69,69,69,0.210485979
131751,40,40,40,40,40,40,40,40,40,40,40,40,40,40,40,40,40,40,40,40,40,40,40,40,40,40,40,40,40,40,40,40,28,28,28,28,28,28,28,28,28,28,28,28,28,28,28,28,28,28,28,28,28,28,28,28,28,28,28,28,28,28,28,28,52,52,52,52,52,52,52,52,52,52,52,52,52,52,52,52,64,64,64,64,64,64,64,64,64,64,64,64,64,64,64,64,33,33,33,33,33,33,33,33,33,33,33,33,33,33,33,33,26,26,26,26,26,26,26,26,,,,,,,,,0.196157932
132473,40,40,40,40,40,40,40,40,40,40,40,40,40,40,40,40,40,40,40,40,40,40,40,40,40,40,40,40,40,40,40,40,33,33,33,33,33,33,33,33,33,33,33,33,33,33,33,33,33,33,33,33,33,33,33,33,33,33,33,33,33,33,33,33,52,52,52,52,52,52,52,52,52,52,52,52,52,52,52,52,64,64,64,64,64,64,64,64,64,64,64,64,64,64,64,64,26,26,26,26,26,26,26,26,,,,,,,,,,,,,,,,,,,,,,,,,0.126157417
135759,40,40,40,40,40,40,40,40,40,40,40,40,40,40,40,40,40,40,40,40,40,40,40,40,40,40,40,40,40,40,40,40,71,71,71,71,71,71,71,71,71,71,71,71,71,71,71,71,71,71,71,71,71,71,71,71,71,71,71,71,71,71,71,71,52,52,52,52,52,52,52,52,52,52,52,52,52,52,52,52,64,64,64,64,64,64,64,64,64,64,64,64,64,64,64,64,33,33,33,33,33,33,33,33,33,33,33,33,33,33,33,33,26,26,26,26,26,26,26,26,,,,,,,,,0.196157932
136721,40,40,40,40,40,40,40,40,40,40,40,40,40,40,40,40,40,40,40,40,40,40,40,40,40,40,40,40,40,40,40,40,33,33,33,33,33,33,33,33,33,33,33,33,33,33,33,33,33,33,33,33,33,33,33,33,33,33,33,33,33,33,33,33,52,52,52,52,52,52,52,52,52,52,52,52,52,52,52,52,64,64,64,64,64,64,64,64,64,64,64,64,64,64,64,64,26,26,26,26,26,26,26,26,,,,,,,,,,,,,,,,,,,,,,,,,0.126157417
137203,33,33,33,33,33,33,33,33,33,33,33,33,33,33,33,33,33,33,33,33,33,33,33,33,33,33,33,33,33,33,33,33,33,33,33,33,33,33,33,33,33,33,33,33,33,33,33,33,33,33,33,33,33,33,33,33,33,33,33,33,33,33,33,33,40,40,40,40,40,40,40,40,40,40,40,40,40,40,40,40,40,40,40,40,40,40,40,40,40,40,40,40,40,40,40,40,52,52,52,52,52,52,52,52,52,52,52,52,52,52,52,52,26,26,26,26,26,26,26,26,,,,,,,,,0.106579763
137597,72,72,72,72,72,72,72,72,72,72,72,72,72,72,72,72,72,72,72,72,72,72,72,72,72,72,72,72,72,72,72,72,72,72,72,72,72,72,72,72,72,72,72,72,72,72,72,72,72,72,72,72,72,72,72,72,72,72,72,72,72,72,72,72,40,40,40,40,40,40,40,40,40,40,40,40,40,40,40,40,40,40,40,40,40,40,40,40,40,40,40,40,40,40,40,40,52,52,52,52,52,52,52,52,52,52,52,52,52,52,52,52,26,26,26,26,26,26,26,26,33,33,33,33,33,33,33,33,0.141917599
137839,33,33,33,33,33,33,33,33,33,33,33,33,33,33,33,33,33,33,33,33,33,33,33,33,33,33,33,33,33,33,33,33,33,33,33,33,33,33,33,33,33,33,33,33,33,33,33,33,33,33,33,33,33,33,33,33,33,33,33,33,33,33,33,33,40,40,40,40,40,40,40,40,40,40,40,40,40,40,40,40,40,40,40,40,40,40,40,40,40,40,40,40,40,40,40,40,52,52,52,52,52,52,52,52,52,52,52,52,52,52,52,52,26,26,26,26,26,26,26,26,,,,,,,,,0.106579763
138649,33,33,33,33,33,33,33,33,33,33,33,33,33,33,33,33,33,33,33,33,33,33,33,33,33,33,33,33,33,33,33,33,33,33,33,33,33,33,33,33,33,33,33,33,33,33,33,33,33,33,33,33,33,33,33,33,33,33,33,33,33,33,33,33,40,40,40,40,40,40,40,40,40,40,40,40,40,40,40,40,40,40,40,40,40,40,40,40,40,40,40,40,40,40,40,40,52,52,52,52,52,52,52,52,52,52,52,52,52,52,52,52,73,73,73,73,73,73,73,73,26,26,26,26,26,26,26,26,0.120907811
139743,33,33,33,33,33,33,33,33,33,33,33,33,33,33,33,33,33,33,33,33,33,33,33,33,33,33,33,33,33,33,33,33,33,33,33,33,33,33,33,33,33,33,33,33,33,33,33,33,33,33,33,33,33,33,33,33,33,33,33,33,33,33,33,33,40,40,40,40,40,40,40,40,40,40,40,40,40,40,40,40,40,40,40,40,40,40,40,40,40,40,40,40,40,40,40,40,52,52,52,52,52,52,52,52,52,52,52,52,52,52,52,52,74,74,74,74,74,74,74,74,26,26,26,26,73,73,73,73,0.166639987
140225,33,33,33,33,33,33,33,33,33,33,33,33,33,33,33,33,33,33,33,33,33,33,33,33,33,33,33,33,33,33,33,33,33,33,33,33,33,33,33,33,33,33,33,33,33,33,33,33,33,33,33,33,33,33,33,33,33,33,33,33,33,33,33,33,40,40,40,40,40,40,40,40,40,40,40,40,40,40,40,40,40,40,40,40,40,40,40,40,40,40,40,40,40,40,40,40,52,52,52,52,52,52,52,52,52,52,52,52,52,52,52,52,73,73,73,73,73,73,73,73,26,26,26,26,26,26,26,26,0.120907811
140707,33,33,33,33,33,33,33,33,33,33,33,33,33,33,33,33,33,33,33,33,33,33,33,33,33,33,33,33,33,33,33,33,33,33,33,33,33,33,33,33,33,33,33,33,33,33,33,33,33,33,33,33,33,33,33,33,33,33,33,33,33,33,33,33,40,40,40,40,40,40,40,40,40,40,40,40,40,40,40,40,40,40,40,40,40,40,40,40,40,40,40,40,40,40,40,40,26,26,26,26,26,26,26,26,73,73,73,73,73,73,73,73,,,,,,,,,,,,,,,,,0.099663289
141324,33,33,33,33,33,33,33,33,33,33,33,33,33,33,33,33,33,33,33,33,33,33,33,33,33,33,33,33,33,33,33,33,33,33,33,33,33,33,33,33,33,33,33,33,33,33,33,33,33,33,33,33,33,33,33,33,33,33,33,33,33,33,33,33,40,40,40,40,40,40,40,40,40,40,40,40,40,40,40,40,40,40,40,40,40,40,40,40,40,40,40,40,40,40,40,40,73,73,73,73,73,73,73,73,26,26,26,26,26,26,26,26,75,75,75,75,75,75,75,75,,,,,,,,,0.113991336
141806,33,33,33,33,33,33,33,33,33,33,33,33,33,33,33,33,33,33,33,33,33,33,33,33,33,33,33,33,33,33,33,33,33,33,33,33,33,33,33,33,33,33,33,33,33,33,33,33,33,33,33,33,33,33,33,33,33,33,33,33,33,33,33,33,40,40,40,40,40,40,40,40,40,40,40,40,40,40,40,40,40,40,40,40,40,40,40,40,40,40,40,40,40,40,40,40,26,26,26,26,26,26,26,26,73,73,73,73,73,73,73,73,,,,,,,,,,,,,,,,,0.099663289
142654,33,33,33,33,33,33,33,33,33,33,33,33,33,33,33,33,33,33,33,33,33,33,33,33,33,33,33,33,33,33,33,33,33,33,33,33,33,33,33,33,33,33,33,33,33,33,33,33,33,33,33,33,33,33,33,33,33,33,33,33,33,33,33,33,40,40,40,40,40,40,40,40,40,40,40,40,40,40,40,40,40,40,40,40,40,40,40,40,40,40,40,40,40,40,40,40,73,73,73,73,73,73,73,73,26,26,26,26,26,26,26,26,76,76,76,76,76,76,76,76,,,,,,,,,0.113991336
143215,33,33,33,33,33,33,33,33,33,33,33,33,33,33,33,33,33,33,33,33,33,33,33,33,33,33,33,33,33,33,33,33,33,33,33,33,33,33,33,33,33,33,33,33,33,33,33,33,33,33,33,33,33,33,33,33,33,33,33,33,33,33,33,33,77,77,77,77,77,77,77,77,77,77,77,77,77,77,77,77,40,40,40,40,40,40,40,40,40,40,40,40,40,40,40,40,26,26,26,26,26,26,26,26,73,73,73,73,73,73,73,73,76,76,76,76,76,76,76,76,,,,,,,,,0.133820013
143564,33,33,33,33,33,33,33,33,33,33,33,33,33,33,33,33,33,33,33,33,33,33,33,33,33,33,33,33,33,33,33,33,33,33,33,33,33,33,33,33,33,33,33,33,33,33,33,33,33,33,33,33,33,33,33,33,33,33,33,33,33,33,33,33,78,78,78,78,78,78,78,78,78,78,78,78,78,78,78,78,40,40,40,40,40,40,40,40,40,40,40,40,40,40,40,40,26,26,26,26,26,26,26,26,73,73,73,73,73,73,73,73,76,76,76,76,76,76,76,76,77,77,77,77,77,77,77,77,0.154760099
144640,33,33,33,33,33,33,33,33,33,33,33,33,33,33,33,33,33,33,33,33,33,33,33,33,33,33,33,33,33,33,33,33,33,33,33,33,33,33,33,33,33,33,33,33,33,33,33,33,33,33,33,33,33,33,33,33,33,33,33,33,33,33,33,33,78,78,78,78,78,78,78,78,78,78,78,78,78,78,78,78,79,79,79,79,79,79,79,79,79,79,79,79,79,79,79,79,26,26,26,26,26,26,26,26,73,73,73,73,73,73,73,73,40,40,40,40,40,40,40,40,77,77,77,77,77,77,77,77,0.161397628
148720,33,33,33,33,33,33,33,33,33,33,33,33,33,33,33,33,33,33,33,33,33,33,33,33,33,33,33,33,33,33,33,33,33,33,33,33,33,33,33,33,33,33,33,33,33,33,33,33,33,33,33,33,33,33,33,33,33,33,33,33,33,33,33,33,78,78,78,78,78,78,78,78,78,78,78,78,78,78,78,78,77,77,77,77,77,77,77,77,77,77,77,77,77,77,77,77,79,79,79,79,79,79,79,79,79,79,79,79,79,79,79,79,26,26,26,26,26,26,26,26,80,80,80,80,40,40,73,73,0.168251512
150162,80,80,80,80,80,80,80,80,80,80,80,80,80,80,80,80,80,80,80,80,80,80,80,80,80,80,80,80,80,80,80,80,33,33,33,33,33,33,33,33,33,33,33,33,33,33,33,33,33,33,33,33,33,33,33,33,33,33,33,33,33,33,33,33,78,78,78,78,78,78,78,78,78,78,78,78,78,78,78,78,77,77,77,77,77,77,77,77,77,77,77,77,77,77,77,77,40,40,40,40,40,40,40,40,40,40,40,40,40,40,40,40,26,26,26,26,26,26,26,26,73,73,73,73,73,73,73,73,0.177388832
150402,82,82,82,82,82,82,82,82,82,82,82,82,82,82,82,82,82,82,82,82,82,82,82,82,82,82,82,82,82,82,82,82,40,40,40,40,40,40,40,40,40,40,40,40,40,40,40,40,40,40,40,40,40,40,40,40,40,40,40,40,40,40,40,40,81,81,81,81,81,81,81,81,81,81,81,81,81,81,81,81,78,78,78,78,78,78,78,78,78,78,78,78,78,78,78,78,26,26,26,26,26,26,26,26,73,73,73,73,73,73,73,73,33,33,33,33,33,33,33,33,80,80,80,80,77,77,77,77,0.220242344
150884,33,33,33,33,33,33,33,33,33,33,33,33,33,33,33,33,33,33,33,33,33,33,33,33,33,33,33,33,33,33,33,33,33,33,33,33,33,33,33,33,33,33,33,33,33,33,33,33,33,33,33,33,33,33,33,33,33,33,33,33,33,33,33,33,82,82,82,82,82,82,82,82,82,82,82,82,82,82,82,82,82,82,82,82,82,82,82,82,82,82,82,82,82,82,82,82,78,78,78,78,78,78,78,78,78,78,78,78,78,78,78,78,73,73,73,73,73,73,73,73,26,26,26,26,77,77,80,40,0.170606936
151366,80,80,80,80,80,80,80,80,80,80,80,80,80,80,80,80,80,80,80,80,80,80,80,80,80,80,80,80,80,80,80,80,33,33,33,33,33,33,33,33,33,33,33,33,33,33,33,33,33,33,33,33,33,33,33,33,33,33,33,33,33,33,33,33,78,78,78,78,78,78,78,78,78,78,78,78,78,78,78,78,77,77,77,77,77,77,77,77,77,77,77,77,77,77,77,77,40,40,40,40,40,40,40,40,40,40,40,40,40,40,40,40,26,26,26,26,26,26,26,26,73,73,73,73,73,73,73,73,0.177388832
152878,80,80,80,80,80,80,80,80,80,80,80,80,80,80,80,80,80,80,80,80,80,80,80,80,80,80,80,80,80,80,80,80,40,40,40,40,40,40,40,40,40,40,40,40,40,40,40,40,40,40,40,40,40,40,40,40,40,40,40,40,40,40,40,40,78,78,78,78,78,78,78,78,78,78,78,78,78,78,78,78,83,83,83,83,83,83,83,83,83,83,83,83,83,83,83,83,73,73,73,73,73,73,73,73,26,26,26,26,26,26,26,26,33,33,33,33,33,33,33,33,77,77,77,77,77,77,77,77,0.223277133
154820,80,80,80,80,80,80,80,80,80,80,80,80,80,80,80,80,80,80,80,80,80,80,80,80,80,80,80,80,80,80,80,80,40,40,40,40,40,40,40,40,40,40,40,40,40,40,40,40,40,40,40,40,40,40,40,40,40,40,40,40,40,40,40,40,77,77,77,77,77,77,77,77,77,77,77,77,77,77,77,77,78,78,78,78,78,78,78,78,78,78,78,78,78,78,78,78,26,26,26,26,26,26,26,26,73,73,73,73,73,73,73,73,84,84,84,84,84,84,84,84,83,83,83,83,33,33,33,33,0.225782676
155302,33,33,33,33,33,33,33,33,33,33,33,33,33,33,33,33,33,33,33,33,33,33,33,33,33,33,33,33,33,33,33,33,33,33,33,33,33,33,33,33,33,33,33,33,33,33,33,33,33,33,33,33,33,33,33,33,33,33,33,33,33,33,33,33,80,80,80,80,80,80,80,80,80,80,80,80,80,80,80,80,80,80,80,80,80,80,80,80,80,80,80,80,80,80,80,80,77,77,77,77,77,77,77,77,77,77,77,77,77,77,77,77,73,73,73,73,73,73,73,73,40,40,40,40,83,83,78,26,0.169000995
156264,80,80,80,80,80,80,80,80,80,80,80,80,80,80,80,80,80,80,80,80,80,80,80,80,80,80,80,80,80,80,80,80,40,40,40,40,40,40,40,40,40,40,40,40,40,40,40,40,40,40,40,40,40,40,40,40,40,40,40,40,40,40,40,40,77,77,77,77,77,77,77,77,77,77,77,77,77,77,77,77,33,33,33,33,33,33,33,33,33,33,33,33,33,33,33,33,83,83,83,83,83,83,83,83,83,83,83,83,83,83,83,83,26,26,26,26,26,26,26,26,73,73,73,73,73,73,73,73,0.210077166
158393,85,85,85,85,85,85,85,85,85,85,85,85,85,85,85,85,85,85,85,85,85,85,85,85,85,85,85,85,85,85,85,85,80,80,80,80,80,80,80,80,80,80,80,80,80,80,80,80,80,80,80,80,80,80,80,80,80,80,80,80,80,80,80,80,77,77,77,77,77,77,77,77,77,77,77,77,77,77,77,77,33,33,33,33,33,33,33,33,33,33,33,33,33,33,33,33,26,26,26,26,26,26,26,26,73,73,73,73,73,73,73,73,83,83,83,83,83,83,83,83,40,40,40,40,40,40,40,40,0.230979959
158712,85,85,85,85,85,85,85,85,85,85,85,85,85,85,85,85,85,85,85,85,85,85,85,85,85,85,85,85,85,85,85,85,80,80,80,80,80,80,80,80,80,80,80,80,80,80,80,80,80,80,80,80,80,80,80,80,80,80,80,80,80,80,80,80,77,77,77,77,77,77,77,77,77,77,77,77,77,77,77,77,40,40,40,40,40,40,40,40,40,40,40,40,40,40,40,40,26,26,26,26,26,26,26,26,73,73,73,73,73,73,73,73,86,86,86,86,86,86,86,86,33,33,33,33,83,83,83,83,0.230822244
160760,80,80,80,80,80,80,80,80,80,80,80,80,80,80,80,80,80,80,80,80,80,80,80,80,80,80,80,80,80,80,80,80,86,86,86,86,86,86,86,86,86,86,86,86,86,86,86,86,86,86,86,86,86,86,86,86,86,86,86,86,86,86,86,86,77,77,77,77,77,77,77,77,77,77,77,77,77,77,77,77,40,40,40,40,40,40,40,40,40,40,40,40,40,40,40,40,26,26,26,26,26,26,26,26,73,73,73,73,73,73,73,73,85,85,85,85,85,85,85,85,87,87,87,87,83,83,33,33,0.228989302
161000,80,80,80,80,80,80,80,80,80,80,80,80,80,80,80,80,80,80,80,80,80,80,80,80,80,80,80,80,80,80,80,80,86,86,86,86,86,86,86,86,86,86,86,86,86,86,86,86,86,86,86,86,86,86,86,86,86,86,86,86,86,86,86,86,85,85,85,85,85,85,85,85,85,85,85,85,85,85,85,85,85,85,85,85,85,85,85,85,85,85,85,85,85,85,85,85,26,26,26,26,26,26,26,26,73,73,73,73,73,73,73,73,40,40,40,40,40,40,40,40,88,88,77,77,33,33,87,83,0.220729189
161962,33,33,33,33,33,33,33,33,33,33,33,33,33,33,33,33,33,33,33,33,33,33,33,33,33,33,33,33,33,33,33,33,33,33,33,33,33,33,33,33,33,33,33,33,33,33,33,33,33,33,33,33,33,33,33,33,33,33,33,33,33,33,33,33,86,86,86,86,86,86,86,86,86,86,86,86,86,86,86,86,86,86,86,86,86,86,86,86,86,86,86,86,86,86,86,86,83,83,83,83,83,83,83,83,83,83,83,83,83,83,83,83,80,80,80,80,85,85,85,85,40,40,87,87,77,77,73,26,0.235033586
162204,86,86,86,86,86,86,86,86,86,86,86,86,86,86,86,86,86,86,86,86,86,86,86,86,86,86,86,86,86,86,86,86,40,40,40,40,40,40,40,40,40,40,40,40,40,40,40,40,40,40,40,40,40,40,40,40,40,40,40,40,40,40,40,40,85,85,85,85,85,85,85,85,85,85,85,85,85,85,85,85,85,85,85,85,85,85,85,85,85,85,85,85,85,85,85,85,83,83,83,83,83,83,83,83,83,83,83,83,83,83,83,83,26,26,26,26,26,26,26,26,80,80,80,80,77,77,73,33,0.21705644
162444,86,86,86,86,86,86,86,86,86,86,86,86,86,86,86,86,86,86,86,86,86,86,86,86,86,86,86,86,86,86,86,86,40,40,40,40,40,40,40,40,40,40,40,40,40,40,40,40,40,40,40,40,40,40,40,40,40,40,40,40,40,40,40,40,85,85,85,85,85,85,85,85,85,85,85,85,85,85,85,85,85,85,85,85,85,85,85,85,85,85,85,85,85,85,85,85,83,83,83,83,83,83,83,83,83,83,83,83,83,83,83,83,26,26,26,26,26,26,26,26,73,73,80,80,77,77,89,33,0.22262513
162917,33,33,33,33,33,33,33,33,33,33,33,33,33,33,33,33,33,33,33,33,33,33,33,33,33,33,33,33,33,33,33,33,33,33,33,33,33,33,33,33,33,33,33,33,33,33,33,33,33,33,33,33,33,33,33,33,33,33,33,33,33,33,33,33,83,83,83,83,83,83,83,83,83,83,83,83,83,83,83,83,83,83,83,83,83,83,83,83,83,83,83,83,83,83,83,83,73,73,73,73,73,73,73,73,89,89,89,89,89,89,89,89,86,86,86,86,85,85,85,85,77,77,90,90,80,80,40,26,0.252494658
163159,40,40,40,40,40,40,40,40,40,40,40,40,40,40,40,40,40,40,40,40,40,40,40,40,40,40,40,40,40,40,40,40,80,80,80,80,80,80,80,80,80,80,80,80,80,80,80,80,80,80,80,80,80,80,80,80,80,80,80,80,80,80,80,80,86,86,86,86,86,86,86,86,86,86,86,86,86,86,86,86,86,86,86,86,86,86,86,86,86,86,86,86,86,86,86,86,85,85,85,85,85,85,85,85,85,85,85,85,85,85,85,85,77,77,77,77,77,77,77,77,89,89,90,90,83,83,33,26,0.213249467
163399,85,85,85,85,85,85,85,85,85,85,85,85,85,85,85,85,85,85,85,85,85,85,85,85,85,85,85,85,85,85,85,85,80,80,80,80,80,80,80,80,80,80,80,80,80,80,80,80,80,80,80,80,80,80,80,80,80,80,80,80,80,80,80,80,40,40,40,40,40,40,40,40,40,40,40,40,40,40,40,40,40,40,40,40,40,40,40,40,40,40,40,40,40,40,40,40,77,77,77,77,77,77,77,77,77,77,77,77,77,77,77,77,26,26,26,26,26,26,26,26,89,89,33,33,90,91,83,86,0.193540153
164121,80,80,80,80,80,80,80,80,80,80,80,80,80,80,80,80,80,80,80,80,80,80,80,80,80,80,80,80,80,80,80,80,85,85,85,85,85,85,85,85,85,85,85,85,85,85,85,85,85,85,85,85,85,85,85,85,85,85,85,85,85,85,85,85,90,90,90,90,90,90,90,90,90,90,90,90,90,90,90,90,90,90,90,90,90,90,90,90,90,90,90,90,90,90,90,90,77,77,77,77,77,77,77,77,77,77,77,77,77,77,77,77,26,26,26,26,26,26,26,26,83,83,40,40,33,33,91,86,0.202642925
164363,40,40,40,40,40,40,40,40,40,40,40,40,40,40,40,40,40,40,40,40,40,40,40,40,40,40,40,40,40,40,40,40,85,85,85,85,85,85,85,85,85,85,85,85,85,85,85,85,85,85,85,85,85,85,85,85,85,85,85,85,85,85,85,85,83,83,83,83,83,83,83,83,83,83,83,83,83,83,83,83,83,83,83,83,83,83,83,83,83,83,83,83,83,83,83,83,77,77,77,77,77,77,77,77,77,77,77,77,77,77,77,77,26,26,26,26,26,26,26,26,86,86,86,86,33,33,91,80,0.221353586
166427,33,33,33,33,33,33,33,33,33,33,33,33,33,33,33,33,33,33,33,33,33,33,33,33,33,33,33,33,33,33,33,33,33,33,33,33,33,33,33,33,33,33,33,33,33,33,33,33,33,33,33,33,33,33,33,33,33,33,33,33,33,33,33,33,85,85,85,85,85,85,85,85,85,85,85,85,85,85,85,85,85,85,85,85,85,85,85,85,85,85,85,85,85,85,85,85,77,77,77,77,77,77,77,77,77,77,77,77,77,77,77,77,26,26,26,26,26,26,26,26,80,80,40,40,92,83,91,86,0.175191105
166667,33,33,33,33,33,33,33,33,33,33,33,33,33,33,33,33,33,33,33,33,33,33,33,33,33,33,33,33,33,33,33,33,33,33,33,33,33,33,33,33,33,33,33,33,33,33,33,33,33,33,33,33,33,33,33,33,33,33,33,33,33,33,33,33,77,77,77,77,77,77,77,77,77,77,77,77,77,77,77,77,85,85,85,85,85,85,85,85,85,85,85,85,85,85,85,85,93,93,93,93,93,93,93,93,93,93,93,93,93,93,93,93,26,26,26,26,26,26,26,26,80,80,40,40,92,83,91,86,0.212335504
167704,33,33,33,33,33,33,33,33,33,33,33,33,33,33,33,33,33,33,33,33,33,33,33,33,33,33,33,33,33,33,33,33,33,33,33,33,33,33,33,33,33,33,33,33,33,33,33,33,33,33,33,33,33,33,33,33,33,33,33,33,33,33,33,33,77,77,77,77,77,77,77,77,77,77,77,77,77,77,77,77,83,83,83,83,83,83,83,83,83,83,83,83,83,83,83,83,26,26,26,26,26,26,26,26,85,85,85,85,85,85,85,85,40,40,40,40,91,91,91,91,92,92,80,80,93,93,94,86,0.261811637
170590,40,40,40,40,40,40,40,40,40,40,40,40,40,40,40,40,40,40,40,40,40,40,40,40,40,40,40,40,40,40,40,40,85,85,85,85,85,85,85,85,85,85,85,85,85,85,85,85,85,85,85,85,85,85,85,85,85,85,85,85,85,85,85,85,77,77,77,77,77,77,77,77,77,77,77,77,77,77,77,77,80,80,80,80,80,80,80,80,80,80,80,80,80,80,80,80,26,26,26,26,26,26,26,26,95,95,95,95,95,95,95,95,92,92,92,92,92,92,92,92,94,94,93,93,86,91,83,33,0.228823267
171011,85,85,85,85,85,85,85,85,85,85,85,85,85,85,85,85,85,85,85,85,85,85,85,85,85,85,85,85,85,85,85,85,40,40,40,40,40,40,40,40,40,40,40,40,40,40,40,40,40,40,40,40,40,40,40,40,40,40,40,40,40,40,40,40,77,77,77,77,77,77,77,77,77,77,77,77,77,77,77,77,93,93,93,93,93,93,93,93,93,93,93,93,93,93,93,93,26,26,26,26,26,26,26,26,95,95,95,95,95,95,95,95,86,86,86,86,86,86,86,86,91,91,80,96,92,83,94,33,0.244680904
171365,91,91,91,91,91,91,91,91,91,91,91,91,91,91,91,91,91,91,91,91,91,91,91,91,91,91,91,91,91,91,91,91,40,40,40,40,40,40,40,40,40,40,40,40,40,40,40,40,40,40,40,40,40,40,40,40,40,40,40,40,40,40,40,40,77,77,77,77,77,77,77,77,77,77,77,77,77,77,77,77,80,80,80,80,80,80,80,80,80,80,80,80,80,80,80,80,26,26,26,26,26,26,26,26,95,95,95,95,95,95,95,95,94,94,94,94,85,85,85,85,93,93,86,97,83,96,92,33,0.252246251
174553,85,85,85,85,85,85,85,85,85,85,85,85,85,85,85,85,85,85,85,85,85,85,85,85,85,85,85,85,85,85,85,85,40,40,40,40,40,40,40,40,40,40,40,40,40,40,40,40,40,40,40,40,40,40,40,40,40,40,40,40,40,40,40,40,91,91,91,91,91,91,91,91,91,91,91,91,91,91,91,91,91,91,91,91,91,91,91,91,91,91,91,91,91,91,91,91,26,26,26,26,26,26,26,26,95,95,95,95,95,95,95,95,86,86,86,86,97,97,93,93,77,77,83,98,96,92,33,94,0.238869754
175039,40,40,40,40,40,40,40,40,40,40,40,40,40,40,40,40,40,40,40,40,40,40,40,40,40,40,40,40,40,40,40,40,94,94,94,94,94,94,94,94,94,94,94,94,94,94,94,94,94,94,94,94,94,94,94,94,94,94,94,94,94,94,94,94,98,98,98,98,98,98,98,98,98,98,98,98,98,98,98,98,86,86,86,86,86,86,86,86,86,86,86,86,86,86,86,86,26,26,26,26,26,26,26,26,95,95,95,95,95,95,95,95,93,93,93,93,85,85,85,85,77,77,96,96,91,83,92,33,0.267169888
175378,94,94,94,94,94,94,94,94,94,94,94,94,94,94,94,94,94,94,94,94,94,94,94,94,94,94,94,94,94,94,94,94,92,92,92,92,92,92,92,92,92,92,92,92,92,92,92,92,92,92,92,92,92,92,92,92,92,92,92,92,92,92,92,92,40,40,40,40,40,40,40,40,40,40,40,40,40,40,40,40,26,26,26,26,26,26,26,26,95,95,95,95,95,95,95,95,86,86,86,86,86,86,86,86,83,83,83,83,83,83,83,83,85,85,85,85,93,93,93,93,77,77,96,96,91,98,99,33,0.304010263
175620,92,92,92,92,92,92,92,92,92,92,92,92,92,92,92,92,92,92,92,92,92,92,92,92,92,92,92,92,92,92,92,92,91,91,91,91,91,91,91,91,91,91,91,91,91,91,91,91,91,91,91,91,91,91,91,91,91,91,91,91,91,91,91,91,99,99,99,99,99,99,99,99,99,99,99,99,99,99,99,99,40,40,40,40,40,40,40,40,40,40,40,40,40,40,40,40,26,26,26,26,26,26,26,26,95,95,95,95,95,95,95,95,85,85,85,85,93,93,93,93,86,86,77,77,98,83,96,33,0.243921671
175862,92,92,92,92,92,92,92,92,92,92,92,92,92,92,92,92,92,92,92,92,92,92,92,92,92,92,92,92,92,92,92,92,93,93,93,93,93,93,93,93,93,93,93,93,93,93,93,93,93,93,93,93,93,93,93,93,93,93,93,93,93,93,93,93,98,98,98,98,98,98,98,98,98,98,98,98,98,98,98,98,91,91,91,91,91,91,91,91,91,91,91,91,91,91,91,91,95,95,95,95,95,95,95,95,26,26,26,26,26,26,26,26,96,96,96,96,85,85,85,85,83,83,40,40,77,77,86,33,0.253153598
176104,85,85,85,85,85,85,85,85,85,85,85,85,85,85,85,85,85,85,85,85,85,85,85,85,85,85,85,85,85,85,85,85,40,40,40,40,40,40,40,40,40,40,40,40,40,40,40,40,40,40,40,40,40,40,40,40,40,40,40,40,40,40,40,40,93,93,93,93,93,93,93,93,93,93,93,93,93,93,93,93,93,93,93,93,93,93,93,93,93,93,93,93,93,93,93,93,77,77,77,77,77,77,77,77,77,77,77,77,77,77,77,77,26,26,26,26,26,26,26,26,86,86,92,92,96,83,95,33,0.195629815
177066,93,93,93,93,93,93,93,93,93,93,93,93,93,93,93,93,93,93,93,93,93,93,93,93,93,93,93,93,93,93,93,93,40,40,40,40,40,40,40,40,40,40,40,40,40,40,40,40,40,40,40,40,40,40,40,40,40,40,40,40,40,40,40,40,77,77,77,77,77,77,77,77,77,77,77,77,77,77,77,77,85,85,85,85,85,85,85,85,85,85,85,85,85,85,85,85,95,95,95,95,95,95,95,95,26,26,26,26,26,26,26,26,96,96,96,96,96,96,96,96,83,83,83,83,33,33,86,86,0.239587256
178028,85,85,85,85,85,85,85,85,85,85,85,85,85,85,85,85,85,85,85,85,85,85,85,85,85,85,85,85,85,85,85,85,86,86,86,86,86,86,86,86,86,86,86,86,86,86,86,86,86,86,86,86,86,86,86,86,86,86,86,86,86,86,86,86,77,77,77,77,77,77,77,77,77,77,77,77,77,77,77,77,93,93,93,93,93,93,93,93,93,93,93,93,93,93,93,93,26,26,26,26,26,26,26,26,95,95,95,95,95,95,95,95,40,40,40,40,40,40,40,40,33,33,33,33,83,83,83,83,0.238255843
181390,85,85,85,85,85,85,85,85,85,85,85,85,85,85,85,85,85,85,85,85,85,85,85,85,85,85,85,85,85,85,85,85,93,93,93,93,93,93,93,93,93,93,93,93,93,93,93,93,93,93,93,93,93,93,93,93,93,93,93,93,93,93,93,93,33,33,33,33,33,33,33,33,33,33,33,33,33,33,33,33,33,33,33,33,33,33,33,33,33,33,33,33,33,33,33,33,77,77,77,77,77,77,77,77,77,77,77,77,77,77,77,77,95,95,95,95,95,95,95,95,83,83,83,83,40,40,26,26,0.204721912
193392,85,85,85,85,85,85,85,85,85,85,85,85,85,85,85,85,85,85,85,85,85,85,85,85,85,85,85,85,85,85,85,85,40,40,40,40,40,40,40,40,40,40,40,40,40,40,40,40,40,40,40,40,40,40,40,40,40,40,40,40,40,40,40,40,93,93,93,93,93,93,93,93,93,93,93,93,93,93,93,93,93,93,93,93,93,93,93,93,93,93,93,93,93,93,93,93,77,77,77,77,77,77,77,77,77,77,77,77,77,77,77,77,33,33,33,33,33,33,33,33,26,26,26,26,83,83,83,83,0.1970406
226754,93,93,93,93,93,93,93,93,93,93,93,93,93,93,93,93,93,93,93,93,93,93,93,93,93,93,93,93,93,93,93,93,85,85,85,85,85,85,85,85,85,85,85,85,85,85,85,85,85,85,85,85,85,85,85,85,85,85,85,85,85,85,85,85,40,40,40,40,40,40,40,40,40,40,40,40,40,40,40,40,40,40,40,40,40,40,40,40,40,40,40,40,40,40,40,40,33,33,33,33,33,33,33,33,33,33,33,33,33,33,33,33,26,26,26,26,26,26,26,26,83,83,83,83,83,83,83,83,0.198890585
242356,85,85,85,85,85,85,85,85,85,85,85,85,85,85,85,85,85,85,85,85,85,85,85,85,85,85,85,85,85,85,85,85,93,93,93,93,93,93,93,93,93,93,93,93,93,93,93,93,93,93,93,93,93,93,93,93,93,93,93,93,93,93,93,93,40,40,40,40,40,40,40,40,40,40,40,40,40,40,40,40,40,40,40,40,40,40,40,40,40,40,40,40,40,40,40,40,33,33,33,33,33,33,33,33,33,33,33,33,33,33,33,33,26,26,26,26,26,26,26,26,,,,,,,,,0.158491231
256518,93,93,93,93,93,93,93,93,93,93,93,93,93,93,93,93,93,93,93,93,93,93,93,93,93,93,93,93,93,93,93,93,85,85,85,85,85,85,85,85,85,85,85,85,85,85,85,85,85,85,85,85,85,85,85,85,85,85,85,85,85,85,85,85,33,33,33,33,33,33,33,33,33,33,33,33,33,33,33,33,33,33,33,33,33,33,33,33,33,33,33,33,33,33,33,33,26,26,26,26,26,26,26,26,,,,,,,,,,,,,,,,,,,,,,,,,0.132807497
305720,33,33,33,33,33,33,33,33,33,33,33,33,33,33,33,33,33,33,33,33,33,33,33,33,33,33,33,33,33,33,33,33,33,33,33,33,33,33,33,33,33,33,33,33,33,33,33,33,33,33,33,33,33,33,33,33,33,33,33,33,33,33,33,33,93,93,93,93,93,93,93,93,93,93,93,93,93,93,93,93,93,93,93,93,93,93,93,93,93,93,93,93,93,93,93,93,26,26,26,26,26,26,26,26,,,,,,,,,,,,,,,,,,,,,,,,,0.09852228
373882,33,33,33,33,33,33,33,33,33,33,33,33,33,33,33,33,33,33,33,33,33,33,33,33,33,33,33,33,33,33,33,33,33,33,33,33,33,33,33,33,33,33,33,33,33,33,33,33,33,33,33,33,33,33,33,33,33,33,33,33,33,33,33,33,93,93,93,93,93,93,93,93,93,93,93,93,93,93,93,93,93,93,93,93,93,93,93,93,93,93,93,93,93,93,93,93,,,,,,,,,,,,,,,,,,,,,,,,,,,,,,,,,0.084194233
391644,93,93,93,93,93,93,93,93,93,93,93,93,93,93,93,93,93,93,93,93,93,93,93,93,93,93,93,93,93,93,93,93,,,,,,,,,,,,,,,,,,,,,,,,,,,,,,,,,,,,,,,,,,,,,,,,,,,,,,,,,,,,,,,,,,,,,,,,,,,,,,,,,,,,,,,,,,,,,,,,,0.039160091
656366,,,,,,,,,,,,,,,,,,,,,,,,,,,,,,,,,,,,,,,,,,,,,,,,,,,,,,,,,,,,,,,,,,,,,,,,,,,,,,,,,,,,,,,,,,,,,,,,,,,,,,,,,,,,,,,,,,,,,,,,,,,,,,,,,0