job_id,submit_time,real_iteration,model_name,ddl,batch_size,num_gpu,real_duration,duration,iteration
0,0,1282877,vgg16,771220,256,1,976570,976570,1282877
1,219316,26446831,vgg16,2065619,64,4,1792395,1792395,26446831
2,251674,118680,vgg16,281132,64,1,23487,23487,118680
3,251699,83535,bert,279709,128,1,23367,23367,83535
4,256418,75833,resnet50,272884,64,1,11082,11082,75833
5,256458,30901,vgg16,269135,128,1,11773,11773,30901
6,256459,26815,resnet50,264444,256,1,14547,14547,26815
7,258863,82012,gpt2,265982,128,1,11221,11221,82012
8,258886,77702,resnet50,270991,64,1,11355,11355,77702
9,258888,93783,resnet50,273213,64,1,13705,13705,93783
10,259585,29604,vgg16,267922,128,1,11279,11279,29604
11,259600,21442,resnet50,269623,256,1,11632,11632,21442
12,259609,40666,resnet50,273980,128,1,11125,11125,40666
13,262503,70769,bert,270864,64,1,11735,11735,70769
14,262517,54415,inception3,271924,64,1,11288,11288,54415
15,262523,59317,vgg16,274296,64,1,11739,11739,59317
16,268877,684246,bert,329690,128,4,80967,80967,684246
17,273432,893536,gpt2,331219,256,4,78103,78103,893536
18,274530,367863,vgg16,375412,256,4,79249,79249,367863
19,276110,2081687,gpt2,450642,256,4,181958,181958,2081687
20,308826,101695,gpt2,341152,256,1,24820,24820,101695
21,309095,86034,bert,333973,128,1,24066,24066,86034
22,310067,126992,vgg16,322697,64,1,25132,25132,126992
23,310087,116389,inception3,342111,64,1,24144,24144,116389
24,314356,821,vgg16,314834,256,1,625,625,821
25,314378,2380,bert,315330,128,1,666,666,2380
26,328412,133235,bert,344661,64,1,22093,22093,133235
27,328414,34870,deepspeech2,343582,64,1,21795,21795,34870
28,365624,790238,bert,416400,128,4,93509,93509,790238
29,368092,2764016,resnet50,576633,64,4,151048,151048,2764016
30,396126,63294,vgg16,454891,256,1,48182,48182,63294
31,409806,106382,inception3,437878,64,1,22068,22068,106382
32,409827,80897,resnet50,421715,128,1,22131,22131,80897
33,438136,1600493,vgg16,578977,128,4,183527,183527,1600493
34,445554,44581,vgg16,449585,64,2,4934,4934,44581
35,485979,1201,resnet50,486588,256,1,652,652,1201
36,499454,35029,resnet50,520999,256,1,19003,19003,35029
37,552756,97594,gpt2,584424,256,1,23819,23819,97594
38,559930,71134,deepspeech2,595056,32,1,23530,23530,71134
39,571052,43960,resnet50,603787,256,1,23848,23848,43960
40,571334,4194,resnet50,572100,64,1,613,613,4194
41,580807,2075212,inception3,939716,64,2,253382,253382,2075212
42,587485,2298351,vgg16,820984,64,2,254365,254365,2298351
43,595709,2236983,bert,768630,64,2,258806,258806,2236983
44,625627,1036,deepspeech2,626201,64,1,648,648,1036
45,627863,3176,resnet50,628796,128,1,869,869,3176
46,658517,2398,bert,659443,128,1,671,671,2398
47,658521,1921,vgg16,659578,128,1,732,732,1921
48,667980,95283,gpt2,685474,256,1,23255,23255,95283
49,667990,59365,inception3,689405,128,1,23169,23169,59365
50,693194,878227,vgg16,811453,256,4,189197,189197,878227
51,693196,1912370,bert,842567,64,4,184658,184658,1912370
52,714019,552311,gpt2,773775,256,2,79358,79358,552311
53,743407,2401,resnet50,744090,128,1,657,657,2401
54,917930,2377,bert,918617,128,1,665,665,2377
55,977077,24209,vgg16,997256,256,1,18429,18429,24209
56,996104,1914417,inception3,1204567,64,2,233749,233749,1914417
57,1060037,4589,bert,1060775,64,1,761,761,4589
58,1070705,80543,bert,1100928,128,1,22530,22530,80543
59,1070705,34231,resnet50,1096046,256,1,18570,18570,34231
60,1070742,67759,resnet50,1089516,128,1,18537,18537,67759
61,1070743,138816,gpt2,1095777,128,1,18993,18993,138816
62,1085610,40100,resnet50,1112173,256,1,21754,21754,40100
63,1085610,79584,bert,1117482,128,1,22262,22262,79584
64,1088036,36461,resnet50,1099985,256,1,19780,19780,36461
65,1088037,51254,vgg16,1104597,128,1,19527,19527,51254
66,1089801,23357,resnet50,1092022,128,4,2081,2081,23357
67,1090064,27134,resnet50,1095524,256,4,4383,4383,27134
68,1090067,38781,vgg16,1093843,128,4,4447,4447,38781
69,1094822,34832,gpt2,1096535,128,4,2090,2090,34832
70,1108307,1531852,vgg16,1321304,128,4,175656,175656,1531852
71,1122029,1405834,deepspeech2,1382297,32,4,186353,186353,1405834
72,1122645,48454,resnet50,1128477,128,4,4317,4317,48454
73,1122645,32280,deepspeech2,1125438,32,4,4279,4279,32280
74,1148546,77667,deepspeech2,1169857,32,1,25691,25691,77667
75,1148547,187091,gpt2,1172351,128,1,25598,25598,187091
76,1151950,51835,inception3,1181507,128,1,20230,20230,51835
77,1176018,1572342,vgg16,1360630,128,4,180299,180299,1572342
78,1179128,2199842,inception3,1273880,64,4,188130,188130,2199842
79,1184261,182216,gpt2,1201165,128,1,24931,24931,182216
80,1184265,100167,gpt2,1205811,256,1,24447,24447,100167
81,1196785,120282,vgg16,1214986,64,1,23804,23804,120282
82,1196788,87575,resnet50,1217324,128,1,23958,23958,87575
83,1209585,2946,resnet50,1210271,128,1,806,806,2946
84,1221987,2082648,gpt2,1434435,256,4,182042,182042,2082648
85,1222004,1135469,resnet50,1342650,256,4,183412,183412,1135469
86,1281443,158620,resnet50,1308637,64,1,23180,23180,158620
87,1281444,86695,bert,1298791,128,1,24251,24251,86695
88,1282384,61341,inception3,1302950,128,1,23940,23940,61341
89,1282399,43358,resnet50,1298578,256,1,23521,23521,43358
90,1305672,2182922,inception3,1552154,64,4,186683,186683,2182922
91,1307066,1644158,vgg16,1531340,128,4,188534,188534,1644158
92,1307455,66488,deepspeech2,1326854,32,1,21993,21993,66488
93,1307455,150819,resnet50,1322007,64,1,22040,22040,150819
94,1319234,3287941,gpt2,1591178,128,4,197281,197281,3287941
95,1322235,1546817,vgg16,1491879,128,4,177372,177372,1546817
96,1322761,124268,vgg16,1345509,64,1,24593,24593,124268
97,1322761,39036,deepspeech2,1356654,64,1,24399,24399,39036
98,1330834,1567738,vgg16,1475755,128,4,179771,179771,1567738
99,1330843,2181344,inception3,1588563,64,4,186548,186548,2181344
100,1362294,102175,gpt2,1385382,256,1,24937,24937,102175
101,1362333,150983,bert,1396238,64,1,25036,25036,150983
102,1388150,2292301,inception3,1508307,64,4,196037,196037,2292301
103,1422424,438271,resnet50,1450055,64,2,37021,37021,438271
104,1520982,2532,gpt2,1521515,256,1,618,618,2532
105,1565365,1251166,vgg16,1653471,128,4,143470,143470,1251166
106,1566328,1854354,gpt2,1913944,256,2,266440,266440,1854354
107,1571362,77368,inception3,1591136,128,1,30195,30195,77368
108,1571375,148673,bert,1596670,64,1,24653,24653,148673
109,1571742,1479643,inception3,1667889,128,4,189610,189610,1479643
110,1610864,25705,vgg16,1638542,256,1,19568,19568,25705
111,1610875,26031,vgg16,1630880,256,1,19816,19816,26031
112,1630983,109864,resnet50,1652044,64,1,16055,16055,109864
113,1630997,36045,resnet50,1641580,256,1,19554,19554,36045
114,1631317,73131,gpt2,1637730,128,4,4388,4388,73131
115,1631322,77381,gpt2,1635778,128,4,4643,4643,77381
116,1647890,30070,vgg16,1650148,64,4,2038,2038,30070
117,1651211,12802,resnet50,1653074,256,4,2068,2068,12802
118,1664217,56268,inception3,1692002,128,1,21960,21960,56268
119,1664218,159668,gpt2,1675489,128,1,21846,21846,159668
120,1667778,39438,deepspeech2,1684744,64,1,24650,24650,39438
121,1667783,39521,deepspeech2,1702487,64,1,24702,24702,39521
122,1668328,1003,deepspeech2,1669127,64,1,627,627,1003
123,1670135,1040,vgg16,1671258,256,1,792,792,1040
124,1670140,1139,resnet50,1670611,256,1,618,618,1139
125,1687101,70728,vgg16,1705891,256,4,15237,15237,70728
126,1687106,134910,vgg16,1710069,128,4,15470,15470,134910
127,1695296,1561965,vgg16,1843237,128,4,179109,179109,1561965
128,1696457,45754,resnet50,1724582,256,1,24821,24821,45754
129,1696457,99413,gpt2,1721645,256,1,24263,24263,99413
130,1716607,135703,gpt2,1730051,128,1,18567,18567,135703
131,1716609,51233,vgg16,1742615,128,1,19519,19519,51233
132,1721528,1507545,bert,1982761,128,4,178388,178388,1507545
133,1722100,1100237,resnet50,1939466,256,4,177721,177721,1100237
134,1743219,4396,vgg16,1743658,64,1,870,870,4396
135,1743558,3264,vgg16,1744355,64,1,646,646,3264
136,1777206,39745,resnet50,1778988,64,4,2172,2172,39745
137,1777206,38015,gpt2,1778749,128,4,2281,2281,38015
138,1784253,48863,deepspeech2,1801112,32,1,16163,16163,48863
139,1784253,112943,resnet50,1807210,64,1,16505,16505,112943
140,1819146,38034,deepspeech2,1850581,64,1,23773,23773,38034
141,1820628,113463,inception3,1849273,64,1,23537,23537,113463
142,1821515,764772,resnet50,1865310,128,4,68136,68136,764772
143,1821516,1333086,gpt2,1904907,128,4,79987,79987,1333086
144,1847078,799027,deepspeech2,2041028,64,2,269807,269807,799027
145,1904135,48497,deepspeech2,1923991,32,1,16042,16042,48497
146,1904139,57363,bert,1913902,128,1,16046,16046,57363
147,1905347,130877,bert,1929520,64,1,21702,21702,130877
148,1905356,40482,resnet50,1926251,256,1,21961,21961,40482
149,1907469,182720,gpt2,1939024,128,1,25000,25000,182720
150,1907471,64931,vgg16,1927765,128,1,24738,24738,64931
151,1920806,30897,vgg16,1922361,64,4,2094,2094,30897
152,1922368,10523,vgg16,1923629,256,4,2267,2267,10523
153,1927711,79101,deepspeech2,1949780,64,4,15059,15059,79101
154,1927712,172328,gpt2,1939896,256,4,15063,15063,172328
155,1932851,753464,vgg16,2050096,128,4,86399,86399,753464
156,1936352,877187,bert,1982087,64,4,84701,84701,877187
157,2013026,117745,vgg16,2037050,64,1,23302,23302,117745
158,2013046,141726,bert,2031578,64,1,23501,23501,141726
159,2017157,43299,resnet50,2037447,256,1,23489,23489,43299
160,2017175,161904,resnet50,2046271,64,1,23660,23660,161904
161,2036839,2119418,gpt2,2139380,256,4,185256,185256,2119418
162,2059484,223442,bert,2109551,64,1,37051,37051,223442
163,2063814,1001834,resnet50,2215338,256,4,161826,161826,1001834
164,2097269,825941,vgg16,2204678,256,4,177933,177933,825941
165,2129795,3385,vgg16,2130474,64,1,670,670,3385
166,2161106,22236,bert,2164693,128,1,6220,6220,22236
167,2161107,8484,vgg16,2164701,256,1,6459,6459,8484
168,2161132,170082,resnet50,2177715,64,1,24855,24855,170082
169,2161132,124764,vgg16,2196074,64,1,24691,24691,124764
170,2161425,69579,resnet50,2175605,64,1,10168,10168,69579
171,2161425,73490,gpt2,2172908,128,1,10055,10055,73490
172,2161666,32009,inception3,2166606,64,1,6640,6640,32009
173,2161666,12227,resnet50,2166405,256,1,6633,6633,12227
174,2247257,39885,vgg16,2272810,256,1,30362,30362,39885
175,2247257,61136,vgg16,2262280,128,1,23292,23292,61136
176,2247322,82759,bert,2275619,128,1,23150,23150,82759
177,2247429,126677,bert,2298385,128,1,35435,35435,126677
178,2248491,114148,inception3,2267201,64,1,23679,23679,114148
179,2257491,3163,vgg16,2258052,64,1,626,626,3163
180,2302903,2466,bert,2303831,128,1,690,690,2466
181,2352993,1896592,resnet50,2463078,64,4,103645,103645,1896592
182,2359902,989421,vgg16,2483282,128,4,113456,113456,989421
183,2360615,64600,inception3,2389827,128,1,25212,25212,64600
184,2360616,1360272,resnet50,2443894,128,4,121191,121191,1360272
185,2360616,1346928,inception3,2525969,64,4,115189,115189,1346928
186,2360616,514846,resnet50,2423408,256,4,83163,83163,514846
187,2360617,1838121,vgg16,2537255,64,4,124576,124576,1838121
188,2360617,679074,deepspeech2,2470792,32,4,90016,90016,679074
189,2360619,698030,bert,2446374,128,4,82598,82598,698030
190,2360619,683804,bert,2446352,64,4,66028,66028,683804
191,2360620,967593,resnet50,2426322,128,4,86206,86206,967593
192,2360620,721532,bert,2444405,128,4,85379,85379,721532
193,2360624,1233509,inception3,2478755,128,4,158069,158069,1233509
194,2360625,1003915,vgg16,2419969,128,4,115118,115118,1003915
195,2360646,815185,bert,2418062,128,4,96461,96461,815185
196,2360646,1038710,resnet50,2438968,128,4,92542,92542,1038710
197,2361910,3138531,resnet50,2732705,64,2,265113,265113,3138531
198,2386703,2238945,inception3,2604507,64,4,191474,191474,2238945
199,2388654,1251,resnet50,2389123,256,1,679,679,1251
200,2391840,113367,gpt2,2406584,128,1,15511,15511,113367
201,2478146,2094,vgg16,2478713,128,1,798,798,2094
202,2495057,35404,deepspeech2,2527488,64,1,22129,22129,35404
203,2505721,133597,bert,2525537,64,1,22153,22153,133597
204,2545486,85984,deepspeech2,2575882,32,1,28442,28442,85984
205,2545511,73466,inception3,2561528,128,1,28672,28672,73466
206,2546184,115635,gpt2,2568676,256,1,28222,28222,115635
207,2548010,173785,bert,2573894,64,1,28817,28817,173785
208,2551437,70647,inception3,2591969,128,1,27572,27572,70647
209,2551448,84433,deepspeech2,2567850,32,1,27929,27929,84433
210,2561761,167809,bert,2592646,64,1,27826,27826,167809
211,2561775,101413,bert,2584350,128,1,28368,28368,101413
212,2574992,2094110,resnet50,2757049,128,4,186571,186571,2094110
213,2579225,3812306,resnet50,2761529,64,4,208335,208335,3812306
214,2584996,3195598,vgg16,2724139,64,4,216577,216577,3195598
215,2591838,2481978,gpt2,2859896,256,4,216947,216947,2481978
216,2636760,1818724,resnet50,2823906,128,4,162036,162036,1818724
217,2644740,1043,deepspeech2,2645432,64,1,652,652,1043
218,2711038,112980,vgg16,2749692,128,1,43044,43044,112980
219,2724456,2833628,vgg16,2833582,64,4,192045,192045,2833628
220,2728286,1399337,vgg16,3062230,128,2,287125,287125,1399337
221,2731218,3026,resnet50,2731994,128,1,828,828,3026
222,2731220,5665,resnet50,2731895,64,1,828,828,5665
223,2737914,123450,vgg16,2771178,64,1,24431,24431,123450
224,2737938,100179,gpt2,2771276,256,1,24450,24450,100179
225,2738675,99983,gpt2,2756131,256,1,24402,24402,99983
226,2738683,123076,vgg16,2767153,64,1,24357,24357,123076
227,2738836,87153,bert,2772980,128,1,24379,24379,87153
228,2738836,168569,resnet50,2762745,64,1,24634,24634,168569
229,2758116,41268,inception3,2775783,128,1,16106,16106,41268
230,2763018,1576248,resnet50,2912466,256,4,254611,254611,1576248
231,2765561,1898312,resnet50,2859970,64,4,103739,103739,1898312
232,2777686,24836,inception3,2778798,64,4,2124,2124,24836
233,2778950,19490,vgg16,2782272,128,4,2235,2235,19490
234,2779788,813590,deepspeech2,2888453,32,4,107847,107847,813590
235,2810910,1850,resnet50,2811598,256,1,1004,1004,1850
236,2820995,1011545,deepspeech2,3096887,64,4,192574,192574,1011545
237,2821065,1538,vgg16,2822762,256,1,1171,1171,1538
238,2821066,3673,resnet50,2821952,128,1,1005,1005,3673
239,2821972,82844,vgg16,2845890,64,1,16395,16395,82844
240,2821972,26153,deepspeech2,2837251,64,1,16347,16347,26153
241,2824613,73368,bert,2835966,128,1,20523,20523,73368
242,2824613,54737,deepspeech2,2844103,32,1,18106,18106,54737
243,2827652,515175,deepspeech2,2898901,64,4,98077,98077,515175
244,2831461,47339,resnet50,2848709,256,1,25681,25681,47339
245,2831484,152310,bert,2859157,64,1,25256,25256,152310
246,2831570,120082,inception3,2860396,64,1,24910,24910,120082
247,2836521,804218,vgg16,2937651,128,4,92219,92219,804218
248,2840204,20930,bert,2842194,64,4,2021,2021,20930
249,2843377,15732,inception3,2845625,128,4,2016,2016,15732
250,2843510,9098,vgg16,2845426,256,4,1960,1960,9098
251,2847602,10509,vgg16,2850145,256,4,2264,2264,10509
252,2851413,2167,inception3,2852067,128,1,846,846,2167
253,2904763,2037,inception3,2905409,128,1,795,795,2037
254,2905860,42327,vgg16,2919957,128,1,16126,16126,42327
255,2905861,41844,inception3,2926867,128,1,16331,16331,41844
256,2922459,10663,deepspeech2,2924367,64,4,2030,2030,10663
257,2926520,37933,resnet50,2928729,64,4,2073,2073,37933
258,2931823,103565,inception3,2966481,128,1,40419,40419,103565
259,2931840,105507,inception3,2955315,128,1,41177,41177,105507
260,2971942,571550,deepspeech2,3103503,64,2,192995,192995,571550
261,2973384,1130671,resnet50,3155395,256,4,182637,182637,1130671
262,2974036,319997,vgg16,3039826,256,2,126848,126848,319997
263,2974311,944262,deepspeech2,3105926,64,4,179765,179765,944262
264,2989074,26496,deepspeech2,3011497,64,1,16561,16561,26496
265,2989075,66860,gpt2,3013373,256,1,16318,16318,66860
266,2991493,1838,deepspeech2,2992343,32,1,608,608,1838
267,2998773,91074,bert,3034214,128,1,25476,25476,91074
268,2998774,33143,vgg16,3025579,256,1,25230,25230,33143
269,3006294,46735,resnet50,3008228,64,4,2554,2554,46735
270,3007080,12238,deepspeech2,3009901,64,4,2330,2330,12238
271,3021108,253240,vgg16,3039105,64,4,17163,17163,253240
272,3025374,703429,resnet50,3062700,64,4,38441,38441,703429
273,3027806,774868,resnet50,3072295,64,4,42345,42345,774868
274,3072212,101743,bert,3088533,64,1,16871,16871,101743
275,3072212,26917,deepspeech2,3090521,64,1,16824,16824,26917
276,3076202,719235,vgg16,3149030,128,4,82474,82474,719235
277,3078614,845051,bert,3174801,128,4,99995,99995,845051
278,3079751,64902,vgg16,3107122,128,1,24727,24727,64902
279,3082227,2260539,resnet50,3201011,64,4,123534,123534,2260539
280,3089337,179472,bert,3120585,128,4,21237,21237,179472
281,3089347,160776,deepspeech2,3109064,32,4,21312,21312,160776
282,3092021,105293,gpt2,3119521,256,1,25698,25698,105293
283,3105066,1912401,bert,3331304,64,4,184661,184661,1912401
284,3107496,56330,bert,3123617,128,1,15757,15757,56330
285,3118878,922526,deepspeech2,3310142,64,4,175627,175627,922526
286,3124356,808224,gpt2,3416472,256,1,197256,197256,808224
287,3127777,2558358,vgg16,3238937,64,4,173389,173389,2558358
288,3127782,2933315,gpt2,3269107,128,4,176003,176003,2933315
289,3164923,963,deepspeech2,3165431,64,1,602,602,963
290,3249391,4365,resnet50,3250347,64,1,638,638,4365
291,3360917,75660,deepspeech2,3394414,32,1,25027,25027,75660
292,3360972,210736,resnet50,3381337,64,1,30796,30796,210736
293,3363744,35855,deepspeech2,3378261,64,1,22411,22411,35855
294,3363770,56424,inception3,3389843,128,1,22021,22021,56424
295,3370867,2560,gpt2,3371564,256,1,625,625,2560
296,3374277,3909,inception3,3374717,64,1,811,811,3909
297,3379909,3075,inception3,3380491,64,1,638,638,3075
298,3386654,171321,gpt2,3394928,256,4,14975,14975,171321
299,3386668,160108,bert,3402065,64,4,15460,15460,160108
300,3388149,1021951,inception3,3453414,64,4,87397,87397,1021951
301,3392448,764023,bert,3503770,128,4,90407,90407,764023
302,3421884,3143,inception3,3422732,64,1,652,652,3143
303,3422723,26846,resnet50,3441784,256,1,14564,14564,26846
304,3427083,152376,bert,3444233,64,1,25267,25267,152376
305,3427084,177714,gpt2,3451286,128,1,24315,24315,177714
306,3427409,34856,resnet50,3443152,256,1,18909,18909,34856
307,3427409,68487,resnet50,3444602,128,1,18736,18736,68487
308,3447594,198410,resnet50,3463136,128,4,17677,17677,198410
309,3447596,109967,resnet50,3459315,256,4,17763,17763,109967
310,3452699,2941465,gpt2,3613450,128,4,176492,176492,2941465
311,3452703,3257849,resnet50,3585489,64,4,178035,178035,3257849
312,3483503,42493,deepspeech2,3515953,64,1,26560,26560,42493
313,3484764,56965,vgg16,3516224,128,1,21703,21703,56965
314,3507025,392650,resnet50,3592460,128,2,59317,59317,392650
315,3507742,139196,gpt2,3526873,128,1,19045,19045,139196
316,3512167,42887,resnet50,3526049,256,1,23266,23266,42887
317,3516797,94955,gpt2,3533814,256,1,23175,23175,94955
318,3516818,117689,vgg16,3535133,64,1,23291,23291,117689
319,3527660,17602,vgg16,3528745,64,4,1193,1193,17602
320,3530044,7454,vgg16,3530946,256,4,1606,1606,7454
321,3531413,78651,bert,3552126,128,1,22001,22001,78651
322,3536814,1941544,bert,3660570,64,4,187475,187475,1941544
323,3544128,2013273,resnet50,3658690,128,4,179369,179369,2013273
324,3546896,86867,bert,3565214,128,1,24299,24299,86867
325,3547060,167516,resnet50,3561684,64,1,24480,24480,167516
326,3550915,147623,vgg16,3583741,64,1,29215,29215,147623
327,3550979,145542,vgg16,3590051,64,1,28803,28803,145542
328,3558450,1326440,deepspeech2,3855280,32,2,247200,247200,1326440
329,3559452,142319,inception3,3578271,64,1,29523,29523,142319
330,3562846,10483,resnet50,3564438,64,1,1532,1532,10483
331,3562905,135334,inception3,3579953,64,1,28074,28074,135334
332,3563086,52291,resnet50,3580455,256,1,28367,28367,52291
333,3568059,68717,resnet50,3573198,64,1,10042,10042,68717
334,3572596,1415362,deepspeech2,3714773,32,4,187616,187616,1415362
335,3582036,1391297,deepspeech2,3824256,32,4,184426,184426,1391297
336,3583142,952656,deepspeech2,3813739,64,4,181363,181363,952656
337,3583917,34304,bert,3593560,128,1,9596,9596,34304
338,3592464,1680148,vgg16,3834000,128,4,192661,192661,1680148
339,3592543,1179560,resnet50,3692869,256,4,190534,190534,1179560
340,3601029,87253,resnet50,3633789,128,1,23870,23870,87253
341,3601042,143813,bert,3633881,64,1,23847,23847,143813
342,3601773,121560,gpt2,3615731,128,1,16632,16632,121560
343,3603702,169610,resnet50,3630206,64,1,24786,24786,169610
344,3603725,87735,bert,3640411,128,1,24542,24542,87735
345,3606502,162390,resnet50,3624655,64,1,23731,23731,162390
346,3606503,50139,deepspeech2,3631148,32,1,16585,16585,50139
347,3619932,238133,gpt2,3642608,256,4,20815,20815,238133
348,3622365,26648,deepspeech2,3647031,64,1,16656,16656,26648
349,3623885,91786,bert,3654711,128,1,25675,25675,91786
350,3623891,4256,resnet50,3624711,64,1,622,622,4256
351,3623916,300412,vgg16,3635981,64,4,20360,20360,300412
352,3625591,2273,resnet50,3626093,128,1,622,622,2273
353,3626130,72099,deepspeech2,3647193,32,1,23849,23849,72099
354,3626705,1377111,inception3,3776645,128,4,176471,176471,1377111
355,3629107,166195,resnet50,3660225,64,1,24287,24287,166195
356,3630868,118956,resnet50,3645755,256,4,19215,19215,118956
357,3637157,1628750,resnet50,3723926,64,4,89008,89008,1628750
358,3648283,1163,resnet50,3649058,256,1,631,631,1163
359,3652534,413743,vgg16,3757724,256,4,89133,89133,413743
360,3653192,2352,bert,3653685,128,1,658,658,2352
361,3654028,4167,bert,3654658,64,1,691,691,4167
362,3654525,944015,deepspeech2,3803074,64,4,179718,179718,944015
363,3654706,2674731,vgg16,3782717,64,4,181276,181276,2674731
364,3672278,62443,inception3,3697251,128,1,24370,24370,62443
365,3672278,73359,deepspeech2,3692110,32,1,24266,24266,73359
366,3673999,177831,gpt2,3699640,128,1,24331,24331,177831
367,3680694,1542,inception3,3681185,128,1,602,602,1542
368,3682946,8929,deepspeech2,3688058,64,1,5581,5581,8929
369,3696926,194367,vgg16,3705656,64,4,13173,13173,194367
370,3696930,156864,inception3,3707229,64,4,13415,13415,156864
371,3698209,79073,inception3,3709350,64,1,16403,16403,79073
372,3698209,96575,bert,3720430,64,1,16014,16014,96575
373,3699634,1953376,resnet50,4012933,128,2,295093,295093,1953376
374,3699860,115049,gpt2,3728673,256,1,28079,28079,115049
375,3714878,240447,inception3,3730117,64,4,20563,20563,240447
376,3715545,94327,vgg16,3734133,256,4,20321,20321,94327
377,3738571,87595,deepspeech2,3776190,32,1,28975,28975,87595
378,3738580,88891,resnet50,3759677,128,1,24318,24318,88891
379,3743782,863136,vgg16,3861952,256,4,185946,185946,863136
380,3743803,984850,deepspeech2,3989953,64,4,187492,187492,984850
381,3767636,79173,vgg16,3797727,128,1,30164,30164,79173
382,3767699,64300,inception3,3797222,128,1,25095,25095,64300
383,3768325,3853,bert,3768971,64,1,639,639,3853
384,3769346,3057,vgg16,3770085,64,1,605,605,3057
385,3778315,2065007,gpt2,3874590,256,4,180500,180500,2065007
386,3792131,174133,gpt2,3811521,128,1,23825,23825,174133
387,3792141,60941,inception3,3809098,128,1,23784,23784,60941
388,3794017,942860,deepspeech2,3909875,64,4,179498,179498,942860
389,3798799,1566874,vgg16,3981690,128,4,179672,179672,1566874
390,3807516,390414,inception3,3850995,128,4,50030,50030,390414
391,3816980,1709877,vgg16,3944950,128,4,196070,196070,1709877
392,3817009,2006540,bert,3995325,64,4,193751,193751,2006540
393,3853696,59472,vgg16,3881435,128,1,22658,22658,59472
394,3877453,3636647,resnet50,4124791,64,2,307189,307189,3636647
395,3939267,46379,resnet50,3966556,256,1,25160,25160,46379
396,3939287,128766,vgg16,3956386,64,1,25483,25483,128766
397,3944029,1797,vgg16,3944602,128,1,685,685,1797
398,3948161,112759,inception3,3976934,64,1,23391,23391,112759
399,3948161,42961,resnet50,3973045,256,1,23306,23306,42961
400,3948643,89423,bert,3979473,128,1,25014,25014,89423
401,3948683,75092,deepspeech2,3978642,32,1,24839,24839,75092
402,3957067,86445,resnet50,3986690,128,1,23649,23649,86445
403,3966520,3329416,resnet50,4213768,64,4,181946,181946,3329416
404,3966537,2121521,inception3,4101072,64,4,181432,181432,2121521
405,3974498,959799,bert,4093657,64,4,92678,92678,959799
406,3974528,663692,deepspeech2,4074696,32,4,87977,87977,663692
407,3980444,2101035,inception3,4131567,64,4,179680,179680,2101035
408,3982911,124642,inception3,4016515,64,1,25856,25856,124642
409,3982911,77075,deepspeech2,4001693,32,1,25495,25495,77075
410,3986839,31824,deepspeech2,3997480,32,1,10527,10527,31824
411,3999273,2245,bert,3999969,128,1,628,628,2245
412,3999556,49600,vgg16,4008821,64,1,9816,9816,49600
413,4010260,2833894,vgg16,4214691,64,4,192063,192063,2833894
414,4028354,37959,vgg16,4046644,256,1,28896,28896,37959
415,4029438,133936,inception3,4068164,64,1,27784,27784,133936
416,4030894,1229,resnet50,4031372,256,1,667,667,1229
417,4033191,217305,resnet50,4050925,64,1,31756,31756,217305
418,4033191,122121,inception3,4046548,64,1,25333,25333,122121
419,4040789,638725,vgg16,4193682,256,4,137601,137601,638725
420,4058834,990634,deepspeech2,4198106,64,4,188593,188593,990634
421,4061631,981825,deepspeech2,4164457,64,4,186916,186916,981825
422,4066328,2157618,inception3,4172159,64,4,184519,184519,2157618
423,4078122,944336,deepspeech2,4217418,64,4,179779,179779,944336
424,4085613,1363,deepspeech2,4086267,64,1,852,852,1363
425,4087783,5719,inception3,4090746,128,1,2232,2232,5719
426,4094914,889467,deepspeech2,4236080,32,4,117905,117905,889467
427,4104147,166708,resnet50,4135305,64,1,24362,24362,166708
428,4104148,72770,deepspeech2,4131475,32,1,24071,24071,72770
429,4106572,56790,inception3,4132943,128,1,22164,22164,56790
430,4106578,162701,gpt2,4120114,128,1,22261,22261,162701
431,4116253,1371097,gpt2,4358658,256,2,197004,197004,1371097
432,4117802,32928,vgg16,4150267,256,1,25066,25066,32928
433,4117804,62089,inception3,4147185,128,1,24232,24232,62089
434,4117910,815,vgg16,4118481,256,1,621,621,815
435,4120739,99110,gpt2,4143249,256,1,24189,24189,99110
436,4120741,162979,resnet50,4154978,64,1,23817,23817,162979
437,4129096,1621229,resnet50,4201278,64,4,88597,88597,1621229
438,4129470,180462,gpt2,4140696,256,4,15774,15774,180462
439,4138291,1015503,gpt2,4236033,256,4,88764,88764,1015503
440,4143244,159579,bert,4151372,64,4,15409,15409,159579
441,4144172,471566,deepspeech2,4204076,64,4,89775,89775,471566
442,4144185,406019,vgg16,4188098,256,4,87469,87469,406019
443,4145359,1025734,resnet50,4230721,128,4,91386,91386,1025734
444,4145383,1032515,gpt2,4232055,256,4,90251,90251,1032515
445,4177967,30721,resnet50,4194122,256,1,16666,16666,30721
446,4177968,61750,resnet50,4192125,128,1,16893,16893,61750
447,4195333,117928,resnet50,4217971,256,4,19049,19049,117928
448,4195336,190190,inception3,4209330,64,4,16265,16265,190190
449,4195859,160333,gpt2,4216421,128,1,21937,21937,160333
450,4195860,160187,gpt2,4211930,128,1,21917,21917,160187
451,4197102,71034,gpt2,4209774,128,1,9719,9719,71034
452,4214060,104203,resnet50,4235268,128,1,28507,28507,104203
453,4219964,169070,resnet50,4232912,128,4,15063,15063,169070
454,4230304,257060,gpt2,4245155,128,4,15424,15424,257060
455,4244520,2056089,inception3,4534595,64,2,251047,251047,2056089
456,4264552,62763,vgg16,4298791,128,1,23912,23912,62763
457,4264577,43400,resnet50,4284690,256,1,23544,23544,43400
458,4277990,39353,deepspeech2,4308514,64,1,24597,24597,39353
459,4277992,45273,resnet50,4300486,256,1,24560,24560,45273
460,4278531,171560,resnet50,4311311,64,1,25071,25071,171560
461,4278531,65496,vgg16,4307446,128,1,24953,24953,65496
462,4287927,97750,vgg16,4314731,64,1,19345,19345,97750
463,4289677,2239061,inception3,4518232,64,4,191484,191484,2239061
464,4297167,79585,vgg16,4305141,64,1,15750,15750,79585
465,4301044,80003,bert,4319862,128,1,22379,22379,80003
466,4301048,116042,vgg16,4319781,64,1,22965,22965,116042
467,4308272,147269,inception3,4328819,128,4,18872,18872,147269
468,4317309,98599,deepspeech2,4344940,64,4,18771,18771,98599
469,4318309,14023,vgg16,4332708,256,1,10675,10675,14023
470,4324607,171775,resnet50,4344613,128,4,15304,15304,171775
471,4328608,171641,gpt2,4341012,256,4,15003,15003,171641
472,4345678,124915,vgg16,4363885,64,1,24721,24721,124915
473,4345679,89258,bert,4363406,128,1,24968,24968,89258
474,4351510,201094,resnet50,4377238,64,1,29387,29387,201094
475,4351522,199671,resnet50,4393746,64,1,29179,29179,199671
476,4360425,576377,resnet50,4468307,256,4,93102,93102,576377
477,4360425,1612043,resnet50,4421469,64,4,88095,88095,1612043
478,4364435,77447,bert,4385484,128,1,21664,21664,77447
479,4364435,34503,deepspeech2,4396399,64,1,21566,21566,34503
480,4364901,128398,bert,4393681,64,1,21291,21291,128398
481,4364903,145488,resnet50,4375988,64,1,21261,21261,145488
482,4368189,120854,inception3,4378802,128,4,15487,15487,120854
483,4371271,999097,gpt2,4454718,256,4,87330,87330,999097
484,4373711,1030639,inception3,4495302,64,4,88140,88140,1030639
485,4376515,223715,vgg16,4387765,64,4,15162,15162,223715
486,4381717,1395785,inception3,4517056,128,4,178864,178864,1395785
487,4383498,134193,vgg16,4410339,64,1,26557,26557,134193
488,4383498,156875,bert,4421108,64,1,26013,26013,156875
489,4386282,825839,vgg16,4600482,256,4,177911,177911,825839
490,4386516,1074143,resnet50,4567401,256,4,173506,173506,1074143
491,4386526,2101571,gpt2,4490059,256,4,183696,183696,2101571
492,4395791,1545500,vgg16,4523869,128,4,177221,177221,1545500
493,4399695,99434,gpt2,4415390,256,1,24268,24268,99434
494,4399695,72595,deepspeech2,4424150,32,1,24013,24013,72595
495,4408517,164450,resnet50,4429242,64,1,24032,24032,164450
496,4408520,63057,vgg16,4432561,128,1,24024,24024,63057
497,4409989,467086,deepspeech2,4496890,64,4,88922,88922,467086
498,4422354,953614,resnet50,4540500,256,4,154037,154037,953614
499,4433325,865773,vgg16,4665437,256,4,186514,186514,865773
500,4441407,935800,deepspeech2,4655985,64,4,178154,178154,935800
501,4442906,70687,deepspeech2,4466652,32,1,23382,23382,70687
502,4442913,84329,resnet50,4455245,128,1,23070,23070,84329
503,4469635,3274537,resnet50,4581504,64,4,178947,178947,3274537
504,4527004,1661328,gpt2,4628365,128,4,99682,99682,1661328
505,4546987,70778,resnet50,4575626,128,1,19363,19363,70778
506,4546987,25329,vgg16,4560122,256,1,19282,19282,25329
507,4551846,349119,vgg16,4636953,256,4,75211,75211,349119
508,4566782,43954,inception3,4569949,64,4,3759,3759,43954
509,4566784,25004,resnet50,4570112,256,4,4039,4039,25004
510,4568455,22174,vgg16,4590209,256,1,16880,16880,22174
511,4568459,95582,vgg16,4581399,64,1,18916,18916,95582
512,4569354,81884,resnet50,4587822,128,1,22401,22401,81884
513,4569354,92587,gpt2,4601673,256,1,22597,22597,92587
514,4574969,1756916,resnet50,4705026,64,4,96012,96012,1756916
515,4575469,81304,bert,4602911,128,1,22743,22743,81304
516,4575469,41811,resnet50,4592604,256,1,22682,22682,41811
517,4589360,90795,inception3,4595753,128,4,11635,11635,90795
518,4590543,232111,gpt2,4599252,128,4,13927,13927,232111
519,4592449,443348,deepspeech2,4660268,64,4,84403,84403,443348
520,4594662,7966,inception3,4596317,128,1,3109,3109,7966
521,4598745,1639236,resnet50,4710204,64,4,89581,89581,1639236
522,4615073,173065,gpt2,4634931,128,1,23679,23679,173065
523,4615077,85011,bert,4632044,128,1,23780,23780,85011
524,4639376,1024750,deepspeech2,4769632,64,4,195088,195088,1024750
525,4673853,55317,vgg16,4685404,128,1,21075,21075,55317
526,4673854,64190,deepspeech2,4700714,32,1,21233,21233,64190
527,4695290,874843,vgg16,4944830,256,4,188468,188468,874843
528,4695321,2036749,gpt2,4952035,256,4,178030,178030,2036749
529,4716661,2911,deepspeech2,4718241,64,1,1820,1820,2911
530,4717360,23752,deepspeech2,4739526,64,1,14846,14846,23752
531,4717366,62287,gpt2,4729156,256,1,15202,15202,62287
532,4725074,20555,resnet50,4740279,256,1,11151,11151,20555
533,4725728,39997,resnet50,4733527,128,1,10942,10942,39997
534,4725732,45332,gpt2,4731779,256,1,11064,11064,45332
535,4725741,39635,bert,4733842,128,1,11087,11087,39635
536,4727850,33756,deepspeech2,4743183,32,1,11166,11166,33756
537,4732988,22665,bert,4739815,128,1,6340,6340,22665
538,4733622,87920,gpt2,4739004,256,4,7685,7685,87920
539,4734943,3185,resnet50,4736780,256,1,1728,1728,3185
540,4740627,31821,deepspeech2,4744557,64,4,6058,6058,31821
541,4741730,418477,deepspeech2,4825726,64,4,79668,79668,418477
542,4743241,369552,vgg16,4841722,256,4,79613,79613,369552
543,4748288,935023,inception3,4854253,64,4,79963,79963,935023
544,4757441,29951,vgg16,4769783,128,1,11411,11411,29951
545,4759087,58867,vgg16,4766363,64,1,11650,11650,58867
546,4765129,36225,vgg16,4775639,64,1,7169,7169,36225
547,4765923,30316,gpt2,4770721,256,1,7399,7399,30316
548,4766517,24542,resnet50,4775822,128,1,6714,6714,24542
549,4767247,31837,gpt2,4770029,128,1,4356,4356,31837
550,4773262,98069,gpt2,4797159,256,1,23935,23935,98069
551,4773701,222904,gpt2,4817907,128,1,30498,30498,222904
552,4797574,12688,gpt2,4799847,128,1,1736,1736,12688
553,4804855,1422101,resnet50,4887680,64,4,77715,77715,1422101
554,4810870,429208,deepspeech2,4875491,64,4,81711,81711,429208
555,4820618,131661,vgg16,4851978,64,1,26056,26056,131661
556,4820620,191703,gpt2,4835339,128,1,26229,26229,191703
557,4829390,51863,bert,4838426,128,4,6137,6137,51863
558,4831679,385841,deepspeech2,4893493,64,4,73455,73455,385841
559,4831786,589716,deepspeech2,4932072,32,4,78171,78171,589716
560,4836320,1029343,gpt2,4872445,128,4,61762,61762,1029343
561,4842455,3343268,resnet50,5105878,64,4,182703,182703,3343268
562,4847985,1555530,gpt2,4915709,128,4,93334,93334,1555530
563,4849339,1337070,vgg16,4970430,64,4,90618,90618,1337070
564,4867324,773228,gpt2,4906182,256,4,67587,67587,773228
565,4878738,8726,vgg16,4880463,64,1,1727,1727,8726
566,4885620,6316,resnet50,4886764,128,1,1728,1728,6316
567,4887117,5007,resnet50,4887853,128,1,1370,1370,5007
568,4887894,6546,resnet50,4890388,128,1,1791,1791,6546
569,4891412,3338,resnet50,4893941,256,1,1811,1811,3338
570,4894407,7055,gpt2,4896930,256,1,1722,1722,7055
571,4897447,1216528,bert,5040790,128,4,143952,143952,1216528
572,4905368,120424,inception3,4934368,64,1,24981,24981,120424
573,4905375,149343,bert,4923526,64,1,24764,24764,149343
574,4910787,92188,resnet50,4924838,128,1,25220,25220,92188
575,4911112,181997,gpt2,4947428,128,1,24901,24901,181997
576,4931024,767412,bert,5055959,128,4,90808,90808,767412
577,4933348,53488,deepspeech2,4957062,32,1,17693,17693,53488
578,4936560,672428,deepspeech2,4984569,32,4,89135,89135,672428
579,4937415,710691,deepspeech2,5015213,32,4,94207,94207,710691
580,4941906,77638,bert,4953415,64,1,12874,12874,77638
581,4943145,142411,inception3,4974283,64,1,29542,29542,142411
582,4944021,21909,vgg16,4950525,256,4,4720,4720,21909
583,4944021,29245,resnet50,4948106,256,4,4724,4724,29245
584,4945235,35264,inception3,4949815,128,4,4519,4519,35264
585,4945241,33502,deepspeech2,4951523,32,4,4441,4441,33502
586,4950105,39994,deepspeech2,4969391,64,1,24998,24998,39994
587,4955329,65371,vgg16,4962728,256,4,14083,14083,65371
588,4959394,162872,inception3,5021531,128,1,63565,63565,162872
589,4959394,225745,bert,5036109,128,1,63147,63147,225745
590,4961281,89233,bert,4998046,128,1,24961,24961,89233
591,4961283,64705,vgg16,4982918,128,1,24652,24652,64705
592,4986899,1365149,vgg16,5084511,64,4,92521,92521,1365149
593,4986899,678180,inception3,5095933,128,4,86906,86906,678180
594,4993941,22672,deepspeech2,5006853,64,1,14171,14171,22672
595,4999439,22793,vgg16,5006521,128,1,8684,8684,22793
596,5006402,73314,deepspeech2,5026219,32,1,24251,24251,73314
597,5006913,164744,resnet50,5033820,64,1,24075,24075,164744
598,5008474,29586,gpt2,5012991,128,1,4048,4048,29586
599,5009189,680410,bert,5057188,128,4,80513,80513,680410
600,5009302,851296,bert,5089262,64,4,82201,82201,851296
601,5013472,392186,vgg16,5103833,256,4,84489,84489,392186
602,5022963,89609,resnet50,5028269,64,4,4897,4897,89609
603,5028303,56482,resnet50,5058159,256,1,30641,30641,56482
604,5028815,123456,gpt2,5057753,256,1,30131,30131,123456
605,5033338,1418759,bert,5268265,128,4,167882,167882,1418759
606,5060912,3026284,vgg16,5299086,64,4,205102,205102,3026284
607,5069252,170547,resnet50,5091005,64,1,24923,24923,170547
608,5069907,124905,vgg16,5095807,64,1,24719,24719,124905
609,5096136,1279836,vgg16,5191324,64,4,86739,86739,1279836
610,5109224,681866,vgg16,5189139,128,4,78189,78189,681866
611,5110027,2861695,resnet50,5258833,64,4,156386,156386,2861695
612,5110031,880392,resnet50,5192527,128,4,78437,78437,880392
613,5142942,6309,resnet50,5144595,128,1,1726,1726,6309
614,5202078,52093,inception3,5206189,64,4,4455,4455,52093
615,5202154,24288,deepspeech2,5204741,64,4,4624,4624,24288
616,5202794,114565,gpt2,5210639,256,4,10014,10014,114565
617,5202797,81247,resnet50,5208521,64,4,4440,4440,81247
618,5202844,1637759,inception3,5319150,128,4,209872,209872,1637759
619,5212571,39574,deepspeech2,5233933,64,1,24735,24735,39574
620,5212571,32486,vgg16,5235413,256,1,24730,24730,32486
621,5217024,64391,vgg16,5242136,128,1,24532,24532,64391
622,5217024,62627,inception3,5238686,128,1,24442,24442,62627
623,5218045,379895,bert,5295476,64,1,62994,62994,379895
624,5218046,191432,deepspeech2,5272864,32,1,63322,63322,191432
625,5221097,3109811,gpt2,5379792,128,4,186593,186593,3109811
626,5229011,2132712,inception3,5433045,64,4,182389,182389,2132712
627,5281170,27202,resnet50,5283976,256,4,4394,4394,27202
628,5300019,168166,resnet50,5318831,64,1,24575,24575,168166
629,5300411,127977,vgg16,5317108,64,1,25327,25327,127977
630,5302207,51333,gpt2,5307003,256,4,4487,4487,51333
631,5308693,175835,bert,5341508,64,1,29157,29157,175835
632,5308695,194915,resnet50,5330726,64,1,28484,28484,194915
633,5313532,84600,bert,5327495,128,1,23665,23665,84600
634,5313533,96930,gpt2,5339499,256,1,23657,23657,96930
635,5317383,74300,deepspeech2,5351784,32,1,24577,24577,74300
636,5320434,182896,gpt2,5353117,128,1,25024,25024,182896
637,5326064,31165,vgg16,5343403,256,1,23724,23724,31165
638,5326083,87337,resnet50,5361092,128,1,23893,23893,87337
639,5327676,990131,resnet50,5452572,128,4,88214,88214,990131
640,5371839,114885,inception3,5405583,64,1,23832,23832,114885
641,5371839,172079,gpt2,5383902,128,1,23544,23544,172079
642,5376990,806988,bert,5478777,128,4,95491,95491,806988
643,5377007,465982,deepspeech2,5484173,64,4,88712,88712,465982
644,5377437,468730,deepspeech2,5433068,64,4,89235,89235,468730
645,5391494,49772,resnet50,5413689,256,1,27001,27001,49772
646,5391494,69477,vgg16,5423501,128,1,26470,26470,69477
647,5395000,57498,resnet50,5410705,256,1,31192,31192,57498
648,5395001,41468,vgg16,5412153,256,1,31567,31567,41468
649,5441443,79008,vgg16,5476330,128,1,30101,30101,79008
650,5441570,39958,vgg16,5475784,256,1,30418,30418,39958
651,5454052,146623,vgg16,5469322,64,1,29017,29017,146623
652,5454357,213673,gpt2,5495383,128,1,29235,29235,213673
653,5465672,32765,vgg16,5489317,256,1,24942,24942,32765
654,5465993,65314,vgg16,5487068,128,1,24884,24884,65314
655,5472497,182603,gpt2,5488855,128,1,24984,24984,182603
656,5472498,180477,gpt2,5485209,128,1,24693,24693,180477
657,5473262,33541,vgg16,5506127,256,1,25533,25533,33541
658,5477249,65692,vgg16,5500561,128,1,25028,25028,65692
659,5530356,1743283,resnet50,5635579,64,4,95267,95267,1743283
660,5530424,1018046,resnet50,5656593,128,4,90701,90701,1018046
661,5606601,1408084,gpt2,5659504,128,4,84487,84487,1408084
662,5633391,71790,deepspeech2,5656400,32,1,23747,23747,71790
663,5633502,93990,resnet50,5653874,128,1,25713,25713,93990
664,5762912,62837,vgg16,5775552,128,1,23940,23940,62837
665,5762914,37783,deepspeech2,5785387,64,1,23616,23616,37783
666,5830938,87414,resnet50,5857820,128,1,23914,23914,87414
667,5830939,121413,vgg16,5850681,64,1,24028,24028,121413
668,5833126,91439,resnet50,5866036,128,1,25015,25015,91439
669,5833143,64090,inception3,5862426,128,1,25013,25013,64090
670,5867365,779302,bert,5982862,128,4,92215,92215,779302
671,5867383,652919,deepspeech2,5932198,32,4,86549,86549,652919
672,5869646,1620680,resnet50,5955097,64,4,88567,88567,1620680
673,5869869,1009684,inception3,5974072,64,4,86348,86348,1009684
674,5987096,55365,vgg16,6000689,64,1,10957,10957,55365
675,5987750,32913,deepspeech2,5994286,32,1,10887,10887,32913
676,5999106,10771,bert,6000941,128,1,3013,3013,10771
677,6000093,814376,bert,6045040,64,4,78636,78636,814376
678,6000849,511534,resnet50,6056717,256,4,82628,82628,511534
679,6003339,933983,inception3,6056656,64,4,79874,79874,933983
680,6007600,99600,vgg16,6026437,64,1,19711,19711,99600
681,6008657,130147,gpt2,6049097,256,1,31764,31764,130147
682,6009718,50600,inception3,6036277,128,1,19748,19748,50600
683,6010074,120685,bert,6027179,64,1,20012,20012,120685
684,6019535,51839,resnet50,6057301,256,1,28122,28122,51839
685,6024171,28586,vgg16,6034140,128,1,10891,10891,28586
686,6024179,76388,resnet50,6040305,64,1,11163,11163,76388
687,6043848,2717285,vgg16,6216145,64,4,184160,184160,2717285
688,6048024,2793385,gpt2,6144252,128,4,167607,167607,2793385
689,6049141,136667,resnet50,6075563,64,1,19972,19972,136667
690,6049141,136011,resnet50,6068853,64,1,19876,19876,136011
691,6057524,58511,vgg16,6088948,128,1,22292,22292,58511
692,6057548,149546,resnet50,6079525,64,1,21854,21854,149546
693,6060604,71075,inception3,6091545,128,1,27739,27739,71075
694,6060811,132306,bert,6092109,64,1,21939,21939,132306
695,6069134,850013,vgg16,6256252,256,4,183119,183119,850013
696,6069250,2037195,gpt2,6160346,256,4,178069,178069,2037195
697,6083650,3128444,gpt2,6358615,128,4,187711,187711,3128444
698,6086175,60703,inception3,6106091,128,1,23691,23691,60703
699,6086314,31355,vgg16,6106355,256,1,23869,23869,31355
700,6115474,1141288,resnet50,6271002,256,4,184352,184352,1141288
701,6127246,767685,resnet50,6235133,256,4,124004,124004,767685
702,6133054,3083095,gpt2,6341300,128,4,184990,184990,3083095
703,6133139,1621632,bert,6254427,128,4,191888,191888,1621632
704,6134724,2701408,vgg16,6252163,64,4,183084,183084,2701408
705,6134728,1882171,bert,6385106,64,4,181742,181742,1882171
706,6175066,89790,deepspeech2,6219457,32,1,29701,29701,89790
707,6175069,176657,inception3,6214318,64,1,36646,36646,176657
708,6184166,40474,deepspeech2,6205747,64,1,25298,25298,40474
709,6184167,46637,resnet50,6207430,256,1,25300,25300,46637
710,6185771,228740,resnet50,6204697,64,1,33427,33427,228740
711,6186011,120660,bert,6214293,128,1,33752,33752,120660
712,6186475,123595,bert,6236588,128,1,34573,34573,123595
713,6186678,174682,vgg16,6235102,64,1,34570,34570,174682
714,6205706,2072773,resnet50,6398664,128,4,184670,184670,2072773
715,6210317,2652407,vgg16,6355271,64,4,179763,179763,2652407
716,6210513,3257190,resnet50,6452456,64,4,177999,177999,3257190
717,6311058,2785128,vgg16,6538263,64,4,188758,188758,2785128
718,6311061,2943815,gpt2,6554515,128,4,176633,176633,2943815
719,6391532,1674375,vgg16,6617052,128,4,191999,191999,1674375
720,6419521,3605543,gpt2,6685768,128,2,301822,301822,3605543
721,6419769,54022,inception3,6426594,64,4,4620,4620,54022
722,6419775,68537,vgg16,6424767,64,4,4645,4645,68537
723,6429910,79142,vgg16,6512078,256,1,60246,60246,79142
724,6429919,406835,resnet50,6478834,64,1,59453,59453,406835
725,6430165,169370,resnet50,6447197,64,1,24751,24751,169370
726,6430228,2115693,gpt2,6721743,256,2,303990,303990,2115693
727,6430422,40709,deepspeech2,6455668,64,1,25445,25445,40709
728,6432576,180675,resnet50,6450163,64,1,26403,26403,180675
729,6432578,97934,resnet50,6450663,128,1,26792,26792,97934
730,6437336,95182,deepspeech2,6509385,64,1,59492,59492,95182
731,6437338,404324,resnet50,6504733,64,1,59086,59086,404324
732,6441054,92427,gpt2,6471708,256,1,22558,22558,92427
733,6441059,130893,vgg16,6478037,64,1,25904,25904,130893
734,6447826,91093,deepspeech2,6476433,32,1,30132,30132,91093
735,6448012,152591,vgg16,6476082,64,1,30198,30198,152591
736,6449212,210455,resnet50,6483501,64,1,30755,30755,210455
737,6449433,127992,gpt2,6473254,256,1,31238,31238,127992
738,6462101,1537748,gpt2,6524585,128,4,92267,92267,1537748
739,6462106,1048817,gpt2,6532062,256,4,91676,91676,1048817
740,6462488,2349340,inception3,6630966,64,4,200915,200915,2349340
741,6462515,2743298,vgg16,6676496,64,4,185923,185923,2743298
742,6468018,25059,vgg16,6478131,256,1,19076,19076,25059
743,6468018,129893,resnet50,6480751,64,1,18982,18982,129893
744,6468333,1537165,bert,6663423,128,4,181893,181893,1537165
745,6479542,25031,vgg16,6503917,256,1,19055,19055,25031
746,6479711,66677,resnet50,6492683,128,1,18241,18241,66677
747,6479879,3356352,resnet50,6581656,64,4,183418,183418,3356352
748,6481379,3164560,gpt2,6618795,128,4,189878,189878,3164560
749,6481700,138509,gpt2,6496090,128,1,18951,18951,138509
750,6481700,130098,resnet50,6496067,64,1,19012,19012,130098
751,6481867,3175610,gpt2,6580522,128,4,190541,190541,3175610
752,6487491,57398,bert,6491475,128,4,6792,6792,57398
753,6487495,70060,bert,6491536,64,4,6765,6765,70060
754,6490265,53052,inception3,6493352,64,4,4537,4537,53052
755,6492062,3048655,resnet50,6736359,64,4,166603,166603,3048655
756,6492146,39930,bert,6497662,128,4,4725,4725,39930
757,6497214,17587,deepspeech2,6507689,64,1,10993,10993,17587
758,6497218,41510,resnet50,6504078,128,1,11356,11356,41510
759,6497664,69828,deepspeech2,6525741,32,1,23098,23098,69828
760,6497668,109202,inception3,6517452,64,1,22653,22653,109202
761,6499108,17563,deepspeech2,6507947,64,1,10978,10978,17563
762,6499715,41286,resnet50,6509185,256,4,6669,6669,41286
763,6499717,51374,deepspeech2,6508121,32,4,6810,6810,51374
764,6502024,30176,vgg16,6506812,256,4,6501,6501,30176
765,6502676,82086,inception3,6506573,64,4,7020,7020,82086
766,6502825,46012,bert,6508553,64,4,4443,4443,46012
767,6502828,75914,gpt2,6506601,128,4,4555,4555,75914
768,6505275,44173,gpt2,6511699,256,1,10781,10781,44173
769,6505283,44099,gpt2,6518102,256,1,10763,10763,44099
770,6505455,28221,inception3,6513581,128,1,11014,11014,28221
771,6512847,617787,deepspeech2,6616384,32,4,81892,81892,617787
772,6512848,1375385,gpt2,6627979,128,4,82525,82525,1375385
773,6521844,924847,bert,6605960,64,4,89303,89303,924847
774,6521855,755699,bert,6613244,128,4,89422,89422,755699
775,6532476,948007,resnet50,6629882,128,4,84461,84461,948007
776,6532776,633512,inception3,6589119,128,4,81182,81182,633512
777,6533296,829776,bert,6586240,64,4,80123,80123,829776
778,6534514,33932,resnet50,6559683,256,1,18408,18408,33932
779,6534515,66482,bert,6554341,128,1,18597,18597,66482
780,6534656,87053,vgg16,6552451,64,1,17228,17228,87053
781,6534657,61771,bert,6545857,128,1,17279,17279,61771
782,6535080,81444,inception3,6557398,64,1,16895,16895,81444
783,6535081,100766,bert,6555297,64,1,16709,16709,100766
784,6538909,53620,bert,6561311,128,1,14999,14999,53620
785,6538910,61287,gpt2,6549163,256,1,14958,14958,61287
786,6552690,70690,resnet50,6561614,128,4,6298,6298,70690
787,6552894,103742,vgg16,6559697,64,4,7031,7031,103742
788,6553670,39194,resnet50,6560078,256,4,6331,6331,39194
789,6554537,112814,gpt2,6559122,128,4,6769,6769,112814
790,6555338,48842,inception3,6563104,128,4,6259,6259,48842
791,6557206,51736,bert,6566022,128,4,6122,6122,51736
792,6572542,44705,deepspeech2,6578749,32,4,5926,5926,44705
793,6574419,82560,gpt2,6591342,128,1,11296,11296,82560
794,6574426,41020,resnet50,6589201,128,1,11222,11222,41020
795,6574833,56467,vgg16,6588428,64,1,11175,11175,56467
796,6577600,58879,bert,6599573,128,1,16470,16470,58879
797,6577605,84506,vgg16,6595235,64,1,16724,16724,84506
798,6577816,113333,resnet50,6598753,64,1,16562,16562,113333
799,6577820,43718,vgg16,6588657,128,1,16656,16656,43718
800,6581489,155631,inception3,6640675,128,1,60739,60739,155631
801,6583588,442679,resnet50,6648111,64,1,64691,64691,442679
802,6584791,633752,resnet50,6847361,256,2,183770,183770,633752
803,6591789,182831,deepspeech2,6653877,32,1,60477,60477,182831
804,6591790,150788,inception3,6646260,128,1,58849,58849,150788
805,6631279,1211476,vgg16,6737488,64,4,82106,82106,1211476
806,6636792,900549,gpt2,6678081,256,4,78716,78716,900549
807,6642379,65910,vgg16,6646637,64,4,4467,4467,65910
808,6643842,86491,bert,6659802,128,1,24194,24194,86491
809,6644171,85333,bert,6678194,128,1,23870,23870,85333
810,6648404,76814,gpt2,6651005,128,4,4609,4609,76814
811,6650154,492720,resnet50,6716709,256,4,79589,79589,492720
812,6650792,37353,bert,6657232,128,4,4420,4420,37353
813,6652401,47638,bert,6659142,64,4,4600,4600,47638
814,6659693,278758,gpt2,6696137,256,4,24366,24366,278758
815,6668807,722292,bert,6795451,128,4,85469,85469,722292
816,6671391,170325,gpt2,6695320,128,1,23304,23304,170325
817,6677852,82657,vgg16,6690819,64,1,16358,16358,82657
818,6677854,42646,inception3,6701097,128,1,16644,16644,42646
819,6688327,1581740,resnet50,6737837,64,4,86439,86439,1581740
820,6695125,29652,vgg16,6701052,256,4,6388,6388,29652
821,6697676,50793,deepspeech2,6705651,32,4,6733,6733,50793
822,6719753,952508,resnet50,6845939,128,4,84862,84862,952508
823,6726597,38570,bert,6730658,128,4,4564,4564,38570
824,6727697,38840,bert,6730219,128,4,4596,4596,38840
825,6871624,113415,resnet50,6888283,64,1,16574,16574,113415
826,6871627,42390,inception3,6892566,128,1,16544,16544,42390
827,6888749,50016,deepspeech2,6894323,32,4,6630,6630,50016
828,6890032,58638,vgg16,6896469,128,4,6724,6724,58638
829,6922653,29584,inception3,6928411,64,1,6137,6137,29584
830,6922772,4535,inception3,6924969,128,1,1770,1770,4535
831,6922772,4957,deepspeech2,6923877,32,1,1640,1640,4957
832,6925547,11211,resnet50,6926829,64,2,947,947,11211
833,6925550,3372,vgg16,6927544,256,2,1337,1337,3372
834,6928879,16169,bert,6932453,128,2,2847,2847,16169
835,6951540,111655,inception3,6963186,64,1,23162,23162,111655
836,6975081,22281,resnet50,6976998,128,2,3366,3366,22281
837,6980890,14678,resnet50,6990145,256,1,7963,7963,14678
838,6986209,111242,vgg16,7005918,64,1,22015,22015,111242
839,6986210,87371,gpt2,6999798,256,1,21324,21324,87371
840,7008630,905512,bert,7066450,64,4,87436,87436,905512
841,7012292,8414,inception3,7015164,128,1,3284,3284,8414
842,7017171,22883,gpt2,7019070,128,1,3131,3131,22883
843,7029788,2126,vgg16,7031242,256,1,1619,1619,2126
844,7029788,5903,resnet50,7030675,128,1,1615,1615,5903
845,7030589,2002,vgg16,7031847,256,1,1524,1524,2002
846,7031494,7718,resnet50,7032586,128,2,1166,1166,7718
847,7031495,5549,inception3,7032257,128,2,1191,1191,5549
848,7034133,8991,bert,7036271,64,1,1491,1491,8991
849,7048263,2747,deepspeech2,7050454,64,1,1717,1717,2747
850,7053431,31998,deepspeech2,7069409,64,1,20000,20000,31998
851,7053433,32014,deepspeech2,7067934,64,1,20010,20010,32014
852,7072848,129964,inception3,7100480,64,1,26960,26960,129964
853,7072849,180572,resnet50,7101238,64,1,26388,26388,180572
854,7096433,33892,deepspeech2,7112983,64,1,21184,21184,33892
855,7096437,90973,gpt2,7118618,256,1,22203,22203,90973
856,7130172,9025,resnet50,7132063,64,1,1319,1319,9025
857,7337415,1584667,gpt2,7488567,256,4,138514,138514,1584667
858,7337591,1620098,gpt2,7429658,256,4,141611,141611,1620098
859,7364538,109331,vgg16,7372596,64,2,12100,12100,109331
860,7364539,67732,bert,7379623,128,2,11926,11926,67732
861,7742218,68052,inception3,7763282,128,1,26559,26559,68052
862,7742218,49164,resnet50,7765394,256,1,26671,26671,49164
863,7770158,55628,resnet50,7775079,64,2,4699,4699,55628
864,7770158,31012,resnet50,7772939,128,2,4685,4685,31012
865,7772019,7635,vgg16,7772790,64,1,1511,1511,7635
866,7774433,5413,resnet50,7776209,128,1,1481,1481,5413
867,7774723,4652,deepspeech2,7776771,32,1,1539,1539,4652
868,7781473,924370,gpt2,7880128,128,1,126473,126473,924370
869,7781473,610351,inception3,7903624,64,1,126612,126612,610351
870,7781994,169207,resnet50,7836090,256,1,91792,91792,169207
871,7781996,228244,inception3,7860128,128,1,89078,89078,228244
872,7782507,5369,bert,7784066,128,1,1502,1502,5369
873,7858722,147488,vgg16,7907402,128,1,56191,56191,147488
874,7874425,82596,inception3,7881726,64,2,10085,10085,82596
875,7910536,11701,resnet50,7912960,64,1,1710,1710,11701
